scenario,run_id,seed,planner,rmse,mae,mean_variance,normalized_squared_error,coverage95,information_gain,attempts,successful_observations,failures,generated_mb,downlinked_mb,final_storage_mb,final_battery_wh,energy_rejections,storage_rejections,no_action_decisions
nominal,0,20260910,diu_full,0.018429625254451,0.015197872748171463,0.11372394334893382,0.008328874452164646,1.0,20.93070431550759,151,146,5,1181.4548824253854,1133.417026473115,48.03785595227099,11.678564699319136,7498,30804,282
nominal,0,20260910,diu_no_aging,0.018429625254451,0.015197872748171463,0.11372394334893382,0.008328874452164646,1.0,20.93070431550759,151,146,5,1181.4548824253854,1133.417026473115,48.03785595227099,11.678564699319136,7498,30804,282
nominal,0,20260910,diu_no_future_access,0.01999406363032574,0.016054228481413267,0.11384873871451344,0.00951216417856728,1.0,20.89476325022066,148,145,3,1171.7864931923514,1131.7544932154904,40.0319999768609,11.952561011433177,7210,31526,285
nominal,0,20260910,diu_no_forecast,0.019202143376699107,0.015892873878618177,0.11539127412869347,0.015118144013713105,1.0,20.450513050936816,150,144,6,1165.570680582156,1073.5333317085865,92.0373488735691,14.9405684068791,6922,31526,283
nominal,0,20260910,diu_no_resources,0.018429625254451,0.015197872748171463,0.11372394334893382,0.008328874452164646,1.0,20.93070431550759,151,146,5,1181.4548824253854,1133.417026473115,48.03785595227099,11.678564699319136,7498,30804,282
nominal,1,20260911,diu_full,0.024871829023380438,0.020197248176837896,0.1146200488382431,0.012747014877210102,1.0,20.672625934586517,150,144,6,1163.6340063864056,1071.595050508791,92.03895587761501,14.666483155824492,7066,31432,283
nominal,1,20260911,diu_no_aging,0.024871829023380438,0.020197248176837896,0.1146200488382431,0.012747014877210102,1.0,20.672625934586517,150,144,6,1163.6340063864056,1071.595050508791,92.03895587761501,14.666483155824492,7066,31432,283
nominal,1,20260911,diu_no_future_access,0.02348943687394083,0.018615110812693784,0.1139992366367886,0.020040458127112835,1.0,20.85141984860542,150,145,5,1170.3496127671606,1130.3185100562737,40.03110271088766,11.952536372945762,7356,31244,283
nominal,1,20260911,diu_no_forecast,0.02434799801032459,0.019890108632689283,0.11572918620284416,0.0145309306149431,1.0,20.353194373581413,152,144,8,1165.5167500419113,1133.477829844135,32.03892019777555,11.0,7355,30907,281
nominal,1,20260911,diu_no_resources,0.022969870030153394,0.018759495101634913,0.11479831727543055,0.01080560687255501,1.0,20.62128462467653,152,144,8,1164.3603674051585,1132.3221299423249,32.038237462833536,11.0,7355,30907,281
nominal,2,20260912,diu_full,0.018502094120142896,0.014812931048414194,0.11494159936280823,0.008470486848486256,1.0,20.580019383511765,150,145,5,1173.4155845889547,1133.3763007048235,40.039283884131194,11.952495299346658,7497,30951,283
nominal,2,20260912,diu_no_aging,0.018502094120142896,0.014812931048414194,0.11494159936280823,0.008470486848486256,1.0,20.580019383511765,150,145,5,1173.4155845889547,1133.3763007048235,40.039283884131194,11.952495299346658,7497,30951,283
nominal,2,20260912,diu_no_future_access,0.019439120177697316,0.015637978068948018,0.11402338214139059,0.010893875779933095,1.0,20.84446594328004,149,145,4,1168.600347457471,1128.567303243894,40.033044213577284,11.952457266302522,7354,31240,284
nominal,2,20260912,diu_no_forecast,0.020572768587807582,0.0171012901413595,0.11528677828085004,0.013702191885802566,1.0,20.48060785511572,147,144,3,1165.8825899528802,1133.846084529056,32.03650542382455,11.0,7065,31816,286
nominal,2,20260912,diu_no_resources,0.018260557879923863,0.014603636485014032,0.11493535177290913,0.00830156073042796,1.0,20.5818186894027,151,145,6,1173.1280027631367,1133.0887188790052,40.039283884131194,11.952495299346658,7497,30859,282
nominal,3,20260913,diu_full,0.020006193991046303,0.016436571779986205,0.11514372985416631,0.010232460237000817,1.0,20.521805802000635,149,144,5,1165.4286588836737,1133.3909656961478,32.03769318752602,12.226393733333333,7500,31092,284
nominal,3,20260913,diu_no_aging,0.020006193991046303,0.016436571779986205,0.11514372985416631,0.010232460237000817,1.0,20.521805802000635,149,144,5,1165.4286588836737,1133.3909656961478,32.03769318752602,12.226393733333333,7500,31092,284
nominal,3,20260913,diu_no_future_access,0.021924787555918007,0.01830595470836776,0.11467777206008299,0.010286725534426666,1.0,20.656001646696616,148,144,4,1161.1150473772102,1129.082052721455,32.03299465575499,12.226393733333333,7498,31239,285
nominal,3,20260913,diu_no_forecast,0.02371252008322163,0.01887838743918012,0.11552172663065792,0.03542119757041222,0.9965277777777778,20.41294273037105,151,145,6,1173.58789719155,1125.5486283128785,48.039268878671045,11.678691953164515,7356,31000,282
nominal,3,20260913,diu_no_resources,0.020559480020351528,0.016788671551492534,0.11552470975127724,0.011390681245442192,1.0,20.412083591632687,149,144,5,1165.724426628938,1133.686795736313,32.03763089262513,12.226393733333333,7500,31092,284
nominal,4,20260914,diu_full,0.019860901208776944,0.017267568656152223,0.11456102272275166,0.014872536396434247,1.0,20.68962545584805,147,145,2,1172.7409065693064,1132.7030975395135,40.03780902979268,11.952588553051564,7353,31580,286
nominal,4,20260914,diu_no_aging,0.019860901208776944,0.017267568656152223,0.11456102272275166,0.014872536396434247,1.0,20.68962545584805,147,145,2,1172.7409065693064,1132.7030975395135,40.03780902979268,11.952588553051564,7353,31580,286
nominal,4,20260914,diu_no_future_access,0.020120953380646026,0.016982706292339316,0.1144531494266446,0.013459659999533769,1.0,20.720692965126887,152,144,8,1161.6131367346088,1129.581449630427,32.03168710418275,11.0,7500,30712,281
nominal,4,20260914,diu_no_forecast,0.019393204947151126,0.016416905859420572,0.11558106919683084,0.013382104632222447,1.0,20.39585207131325,151,144,7,1165.751524046933,1133.7125858945371,32.038938152395616,12.226393733333333,7499,30856,282
nominal,4,20260914,diu_no_resources,0.019860901208776944,0.017267568656152223,0.11456102272275166,0.014872536396434247,1.0,20.68962545584805,147,145,2,1172.7409065693064,1132.7030975395135,40.03780902979268,11.952588553051564,7353,31580,286
nominal,5,20260915,diu_full,0.018821436044531632,0.015061260995697169,0.11467972497215101,0.01160937681027124,1.0,20.655439208021047,147,144,3,1165.26441633709,1133.2270271431437,32.03738919394631,12.226393733333333,7212,31668,286
nominal,5,20260915,diu_no_aging,0.018821436044531632,0.015061260995697169,0.11467972497215101,0.01160937681027124,1.0,20.655439208021047,147,144,3,1165.26441633709,1133.2270271431437,32.03738919394631,12.226393733333333,7212,31668,286
nominal,5,20260915,diu_no_future_access,0.018823955081751165,0.015172750378502594,0.11326829163235039,0.02099228205480362,1.0,21.061932009883627,150,146,4,1180.3443649132175,1132.3107073987055,48.03365751451268,11.678520908824513,7355,31092,283
nominal,5,20260915,diu_no_forecast,0.01614396565351806,0.012903544143180902,0.11528586705720614,0.007527114677843909,1.0,20.480870287525168,148,144,4,1165.9299215813453,1133.8932753295765,32.036646251768744,12.226393733333333,7211,31524,285
nominal,5,20260915,diu_no_resources,0.01847020448879166,0.014782653198243144,0.1147518643066017,0.011157651978463036,1.0,20.63466307969924,147,144,3,1165.892798865374,1133.8554096714277,32.03738919394631,12.226393733333333,7212,31668,286
nominal,6,20260916,diu_full,0.01831516432007088,0.014495031755718825,0.11452246128424262,0.008429149708733773,1.0,20.700731150138655,146,145,1,1172.8605881340702,1132.8238869878246,40.03670114624606,11.952567081197518,7209,31816,287
nominal,6,20260916,diu_no_aging,0.01831516432007088,0.014495031755718825,0.11452246128424262,0.008429149708733773,1.0,20.700731150138655,146,145,1,1172.8605881340702,1132.8238869878246,40.03670114624606,11.952567081197518,7209,31816,287
nominal,6,20260916,diu_no_future_access,0.022793278422713833,0.019232909853023526,0.1138724321004212,0.01111023917371825,1.0,20.887939555079225,147,145,2,1168.9939710194074,1128.962002013551,40.03196900585705,11.952457266302522,7212,31668,286
nominal,6,20260916,diu_no_forecast,0.018016470943481366,0.01403830217079283,0.11473989951994208,0.008851790709591304,1.0,20.638108938257208,148,145,3,1172.8279752945405,1132.7893863710606,40.038588923480155,11.952602617075538,7210,31524,285
nominal,6,20260916,diu_no_resources,0.017651096627812408,0.013844231866642246,0.11452246128424262,0.008171032888176834,1.0,20.700731150138655,146,145,1,1173.571580838378,1133.5348796921326,40.03670114624606,11.952567081197518,7209,31816,287
nominal,7,20260917,diu_full,0.016162195371502344,0.013068303683774062,0.11360472792478417,0.011193434679294725,1.0,20.965038357662692,152,146,6,1181.698055178943,1133.6582284677827,48.03982671116047,11.678553137490441,7213,31051,281
nominal,7,20260917,diu_no_aging,0.016162195371502344,0.013068303683774062,0.11360472792478417,0.011193434679294725,1.0,20.965038357662692,152,146,6,1181.698055178943,1133.6582284677827,48.03982671116047,11.678553137490441,7213,31051,281
nominal,7,20260917,diu_no_future_access,0.015031068484682913,0.012685081472021477,0.11463742355805955,0.006111181662578024,1.0,20.667622015279374,148,144,4,1162.6373761916295,1130.60520604671,32.03217014491932,12.226393733333333,7212,31576,285
nominal,7,20260917,diu_no_forecast,0.017043605356775824,0.013612077909150335,0.11497431610261802,0.007047338706620538,1.0,20.570596962446544,150,144,6,1165.6048388519982,1133.5662871381805,32.038551713817725,12.226393733333333,7357,31091,283
nominal,7,20260917,diu_no_resources,0.016183347070965234,0.012813474464937543,0.11353876474123901,0.0167434075383748,1.0,20.984035754523696,150,146,4,1181.5971144876185,1133.5575874553938,48.039527032224925,11.67859258599926,7213,31236,283
nominal,8,20260918,diu_full,0.014412168051822077,0.011236016233684691,0.11533923277053236,0.004752649458129601,1.0,20.465500962087212,148,144,4,1166.7028583652993,1134.667130248611,32.03572811668806,12.226393733333333,7355,31380,285
nominal,8,20260918,diu_no_aging,0.014412168051822077,0.011236016233684691,0.11533923277053236,0.004752649458129601,1.0,20.465500962087212,148,144,4,1166.7028583652993,1134.667130248611,32.03572811668806,12.226393733333333,7355,31380,285
nominal,8,20260918,diu_no_future_access,0.017523976012917074,0.01400679460409096,0.11333688312777691,0.007821580527909495,1.0,21.042177659200775,149,146,3,1179.6229607128746,1131.5896307270755,48.03332998579853,11.678709784155936,7210,31487,284
nominal,8,20260918,diu_no_forecast,0.016539695612161457,0.01291480367112642,0.11609264621459332,0.005956737670638059,1.0,20.24851789019765,149,144,5,1166.5823773040904,1134.543656312147,32.03872099194342,11.0,7353,31240,284
nominal,8,20260918,diu_no_resources,0.014412168051822077,0.011236016233684691,0.11533923277053236,0.004752649458129601,1.0,20.465500962087212,148,144,4,1166.7028583652993,1134.667130248611,32.03572811668806,12.226393733333333,7355,31380,285
nominal,9,20260919,diu_full,0.019904198981520647,0.0162989998252701,0.11373233755859263,0.012066256099959963,1.0,20.928286783125856,152,146,6,1181.9708451064828,1133.9317554618242,48.03908964465843,11.678601073189416,7212,31000,281
nominal,9,20260919,diu_no_aging,0.01963879375095042,0.016019271347668413,0.11407534572926904,0.011848172938500968,1.0,20.82950042997105,152,146,6,1181.971470761779,1133.9317554618242,48.03971529995461,11.678601073189416,7212,31000,281
nominal,9,20260919,diu_no_future_access,0.022457757061825803,0.018735276236752335,0.11389830357083773,0.0248694324226905,0.9965277777777778,20.880488571599262,147,145,2,1172.2859398717253,1132.2532482474517,40.032691624273525,11.952478109897884,7210,31672,286
nominal,9,20260919,diu_no_forecast,0.018294819297936686,0.014945854827581435,0.11474347559900346,0.00865316605759945,1.0,20.637079027487534,151,145,6,1174.029131822896,1133.9901222989242,40.039009523972126,11.952660732036739,7499,30804,282
nominal,9,20260919,diu_no_resources,0.019986654037728535,0.01637465431801409,0.11439183293718012,0.01070359987122811,1.0,20.738352114092653,154,145,9,1174.3257887413495,1134.2871648529267,40.0386238884225,11.95253300092834,7356,30619,279
nominal,10,20260920,diu_full,0.017870783242914676,0.014326495752373207,0.1152670645011451,0.015016764701507408,1.0,20.486285423670743,151,144,7,1165.4557610115382,1133.418766563961,32.036994447576745,12.226393733333333,7355,30948,282
nominal,10,20260920,diu_no_aging,0.017870783242914676,0.014326495752373207,0.1152670645011451,0.015016764701507408,1.0,20.486285423670743,151,144,7,1165.4557610115382,1133.418766563961,32.036994447576745,12.226393733333333,7355,30948,282
nominal,10,20260920,diu_no_future_access,0.015997974454751956,0.013053699678498917,0.11448734990705559,0.006949709464831822,1.0,20.710843226768517,150,144,6,1163.6572697605652,1131.6243499721254,32.032919788440566,11.0,7210,31237,283
nominal,10,20260920,diu_no_forecast,0.01611882569089152,0.012860001220828081,0.11918843853748909,0.011096978620187504,1.0,19.356929701203693,147,137,10,1109.5876269942885,1017.5491425216018,92.03848447268696,14.940551445021836,6924,31956,286
nominal,10,20260920,diu_no_resources,0.017870783242914676,0.014326495752373207,0.1152670645011451,0.015016764701507408,1.0,20.486285423670743,151,144,7,1165.4557610115382,1133.418766563961,32.036994447576745,12.226393733333333,7355,30948,282
nominal,11,20260921,diu_full,0.021216513016213943,0.01646506490103618,0.11492580335732742,0.015446286364885755,1.0,20.58456863309023,150,145,5,1173.1037345375935,1133.0652354029207,40.038499134673486,11.952495299346658,7498,30950,283
nominal,11,20260921,diu_no_aging,0.021216513016213943,0.01646506490103618,0.11492580335732742,0.015446286364885755,1.0,20.58456863309023,150,145,5,1173.1037345375935,1133.0652354029207,40.038499134673486,11.952495299346658,7498,30950,283
nominal,11,20260921,diu_no_future_access,0.020487311874999647,0.016733187850618194,0.11395240306302928,0.01605363494725949,1.0,20.864907917848097,148,145,3,1170.424065563945,1130.3920940707733,40.031971493171795,11.952457266302522,7356,31380,285
nominal,11,20260921,diu_no_forecast,0.02018897354444682,0.016914696456992808,0.11919422102058179,0.012424090196669589,1.0,19.35526434607299,148,137,11,1109.4398341806816,1017.4024579441256,92.03737623655573,14.940440511728067,7068,31722,285
nominal,11,20260921,diu_no_resources,0.021216513016213943,0.01646506490103618,0.11492580335732742,0.015446286364885755,1.0,20.58456863309023,150,145,5,1173.1037345375935,1133.0652354029207,40.038499134673486,11.952495299346658,7498,30950,283
nominal,12,20260922,diu_full,0.023678021274949383,0.01861643915449319,0.11476200979820311,0.016360287809541893,1.0,20.63174117811803,151,144,7,1166.0252561494233,1073.9883966820125,92.03685946741074,14.666690813538006,7066,31289,282
nominal,12,20260922,diu_no_aging,0.023678021274949383,0.01861643915449319,0.11476200979820311,0.016360287809541893,1.0,20.63174117811803,151,144,7,1166.0252561494233,1073.9883966820125,92.03685946741074,14.666690813538006,7066,31289,282
nominal,12,20260922,diu_no_future_access,0.02476860467426192,0.018694174911133912,0.1134481247615984,0.023409795704473893,0.9965277777777778,21.010140068660192,147,146,1,1177.331028187053,1129.296641411253,48.03438677580038,11.678565761787196,7353,31527,286
nominal,12,20260922,diu_no_forecast,0.02328932918045425,0.01882205054414788,0.11558934289320032,0.011166652687481396,1.0,20.393469246758855,155,144,11,1165.7289396077674,1073.6924093615528,92.03653024621481,12.4878056207632,7356,30424,278
nominal,12,20260922,diu_no_resources,0.02365397262315628,0.018590564959744406,0.11476200979820311,0.016338731536760867,1.0,20.63174117811803,151,144,7,1166.0264187319763,1073.9895592645655,92.03685946741074,14.666690813538006,7066,31289,282
nominal,13,20260923,diu_full,0.0164148939728061,0.013090580512082213,0.11395193051792187,0.015193957503985238,1.0,20.865044010839036,148,146,2,1180.7824655162174,1132.7428838353744,48.03958168084246,11.678590524557944,7497,31240,285
nominal,13,20260923,diu_no_aging,0.018186790475635362,0.013863103370131184,0.11433431023875763,0.017369732349590414,1.0,20.754918651238334,148,146,2,1180.7826750746117,1132.7428838353744,48.03979123923703,11.678590524557944,7497,31240,285
nominal,13,20260923,diu_no_future_access,0.017054682840202375,0.013473413752767649,0.1146015086791545,0.0075769544129517825,1.0,20.67796550040402,147,144,3,1162.965445047247,1130.9340995988323,32.031345448415195,12.226393733333333,7210,31672,286
nominal,13,20260923,diu_no_forecast,0.01679439846148132,0.012680359310603474,0.11482203258339697,0.01261475583580476,1.0,20.614454615982208,146,145,1,1173.5847602001247,1133.5462338564498,40.03852634367538,11.952526264902517,7353,31672,287
nominal,13,20260923,diu_no_resources,0.01618785811919699,0.012882136445466003,0.11391692729623333,0.015072082359427672,1.0,20.87512493868534,148,146,2,1181.322387765459,1133.2828060846164,48.03958168084246,11.678590524557944,7497,31240,285
nominal,14,20260924,diu_full,0.01618777733411387,0.012599349060640232,0.11405380292387617,0.00984062111874486,1.0,20.835704757924187,151,145,6,1173.699407175994,1133.6599738957052,40.039433280288584,11.95253300092834,7500,30804,282
nominal,14,20260924,diu_no_aging,0.01618777733411387,0.012599349060640232,0.11405380292387617,0.00984062111874486,1.0,20.835704757924187,151,145,6,1173.699407175994,1133.6599738957052,40.039433280288584,11.95253300092834,7500,30804,282
nominal,14,20260924,diu_no_future_access,0.018344629510554183,0.014516757215817197,0.11358635318498929,0.015826670765247023,1.0,20.970330282723616,147,146,1,1177.7263394056315,1129.6905825306148,48.03575687501711,11.678527959083603,7209,31672,286
nominal,14,20260924,diu_no_forecast,0.014995555759250523,0.011903385981730588,0.11520928686019667,0.0046360679440585195,1.0,20.502925384263882,151,144,7,1166.09417875014,1134.0563414408275,32.037837309312266,12.226393733333333,7355,30949,282
nominal,14,20260924,diu_no_resources,0.01618777733411387,0.012599349060640232,0.11405380292387617,0.00984062111874486,1.0,20.835704757924187,151,145,6,1173.699407175994,1133.6599738957052,40.039433280288584,11.95253300092834,7500,30804,282
nominal,15,20260925,diu_full,0.01609047208337112,0.01296152507145549,0.1147593144364684,0.008332589074196919,1.0,20.63251744229763,148,144,4,1165.47410581472,1133.4373126794976,32.03679313522281,11.0,7065,31673,285
nominal,15,20260925,diu_no_aging,0.01609047208337112,0.01296152507145549,0.1147593144364684,0.008332589074196919,1.0,20.63251744229763,148,144,4,1165.47410581472,1133.4373126794976,32.03679313522281,11.0,7065,31673,285
nominal,15,20260925,diu_no_future_access,0.018096949915921357,0.01464869817251763,0.11402129511615164,0.007197976899910437,1.0,20.845067006548856,149,145,4,1168.9251501299484,1128.8927180854769,40.03243204447185,11.952457266302522,7356,31236,284
nominal,15,20260925,diu_no_forecast,0.017847763544641355,0.014005842885941524,0.11867186932792888,0.014751983160711555,1.0,19.505701633557024,143,137,6,1110.1451479227057,1078.1068195628086,32.03832835989708,11.0,6777,32681,290
nominal,15,20260925,diu_no_resources,0.01612434639557452,0.013001686152085266,0.11472372595326494,0.008410883991199124,1.0,20.64276692546022,148,144,4,1165.9837850153178,1133.9469918800955,32.03679313522281,11.0,7065,31673,285
nominal,16,20260926,diu_full,0.01968111415018644,0.01564475580210969,0.11461931643053364,0.010516289347358947,1.0,20.67283686800685,151,144,7,1165.6390877238885,1133.6030571217598,32.03603060212896,12.226393733333333,7355,30948,282
nominal,16,20260926,diu_no_aging,0.01968111415018644,0.01564475580210969,0.11461931643053364,0.010516289347358947,1.0,20.67283686800685,151,144,7,1165.6390877238885,1133.6030571217598,32.03603060212896,12.226393733333333,7355,30948,282
nominal,16,20260926,diu_no_future_access,0.02182132201205279,0.016846079681867434,0.11454551516580416,0.007410004958549373,1.0,20.69409163224893,149,144,5,1162.1689275310666,1130.1361550836175,32.03277244744933,12.226393733333333,7643,30948,284
nominal,16,20260926,diu_no_forecast,0.02247478945579066,0.017469303996046584,0.11513773273107603,0.016100672706261455,1.0,20.523532973450635,153,145,8,1173.2474009571313,1125.2081984027427,48.03920255438865,11.678784343816064,7358,30659,280
nominal,16,20260926,diu_no_resources,0.01968111415018644,0.01564475580210969,0.11461931643053364,0.010516289347358947,1.0,20.67283686800685,151,144,7,1165.6390877238885,1133.6030571217598,32.03603060212896,12.226393733333333,7355,30948,282
nominal,17,20260927,diu_full,0.020109909703449412,0.016542754959348264,0.11414250842366719,0.010682139049717848,1.0,20.810157573984387,151,145,6,1173.7631841871312,1133.7249223723315,40.03826181479978,11.952660732036739,7357,31001,282
nominal,17,20260927,diu_no_aging,0.020109909703449412,0.016542754959348264,0.11414250842366719,0.010682139049717848,1.0,20.810157573984387,151,145,6,1173.7631841871312,1133.7249223723315,40.03826181479978,11.952660732036739,7357,31001,282
nominal,17,20260927,diu_no_future_access,0.020341675585130642,0.01710107794653644,0.11332511520310724,0.014503443841686704,1.0,21.045566821505645,151,146,5,1178.755228945284,1130.7213106483214,48.033918296962625,11.67852535936788,7210,31144,282
nominal,17,20260927,diu_no_forecast,0.02080445100734137,0.01731985923152512,0.11443657610287526,0.010784226406854253,1.0,20.725466082372456,152,146,6,1181.9685743778728,1133.9286413761622,48.03993300171022,11.67882754927118,7214,31052,281
nominal,17,20260927,diu_no_resources,0.020109909703449412,0.016542754959348264,0.11414250842366719,0.010682139049717848,1.0,20.810157573984387,151,145,6,1173.7631841871312,1133.7249223723315,40.03826181479978,11.952660732036739,7357,31001,282
nominal,18,20260928,diu_full,0.019303775481738873,0.015794980468868052,0.11819560857085538,0.006685420619054101,1.0,19.64286473159419,143,137,6,1109.06377857111,1077.026192336608,32.03758623450189,12.226393733333333,7065,32390,290
nominal,18,20260928,diu_no_aging,0.019303775481738873,0.015794980468868052,0.11819560857085538,0.006685420619054101,1.0,19.64286473159419,143,137,6,1109.06377857111,1077.026192336608,32.03758623450189,12.226393733333333,7065,32390,290
nominal,18,20260928,diu_no_future_access,0.021740320309531307,0.017275740639026205,0.11385747903742985,0.015416420540855803,1.0,20.89224603722074,149,145,4,1169.446741643545,1129.41386918108,40.03287246246549,11.678527959083603,7356,31236,284
nominal,18,20260928,diu_no_forecast,0.019585428959388973,0.0158901923575573,0.11846114466740248,0.009115313992962901,1.0,19.566390335788636,144,137,7,1109.6110348840152,1077.5725165967156,32.03851828730038,12.226393733333333,7210,32102,289
nominal,18,20260928,diu_no_resources,0.019303775481738873,0.015794980468868052,0.11819560857085538,0.006685420619054101,1.0,19.64286473159419,143,137,6,1109.06377857111,1077.026192336608,32.03758623450189,12.226393733333333,7065,32390,290
nominal,19,20260929,diu_full,0.014191911276151287,0.011329248473767,0.11459215411863467,0.006970070333618655,1.0,20.680659613833754,147,146,1,1180.8432764230317,1132.8049967817833,48.038279641248494,11.67853566891937,7353,31527,286
nominal,19,20260929,diu_no_aging,0.014191911276151287,0.011329248473767,0.11459215411863467,0.006970070333618655,1.0,20.680659613833754,147,146,1,1180.8432764230317,1132.8049967817833,48.038279641248494,11.67853566891937,7353,31527,286
nominal,19,20260929,diu_no_future_access,0.018110128701672158,0.013860995829334909,0.11806459331313958,0.021933497206721088,1.0,19.680597125816345,144,138,6,1112.3756106268975,1020.3423222619939,92.03328836490418,14.940543912747222,6489,32962,289
nominal,19,20260929,diu_no_forecast,0.016754362114876215,0.013259118615795535,0.11532886861308494,0.02213322556332821,0.9965277777777778,20.468485839432073,153,145,8,1173.4379684935018,1133.3986917272264,40.039276766275314,11.952454971192338,7499,30568,280
nominal,19,20260929,diu_no_resources,0.014191911276151287,0.011329248473767,0.11459215411863467,0.006970070333618655,1.0,20.680659613833754,147,146,1,1180.8432764230317,1132.8049967817833,48.038279641248494,11.67853566891937,7353,31527,286
nominal,20,20260930,diu_full,0.018874955752148422,0.015124457528446406,0.11335906500972458,0.006151345706139435,1.0,21.035789277199854,149,146,3,1181.7066947156413,1133.6681750480939,48.038519667547455,11.6787031124144,7354,31288,284
nominal,20,20260930,diu_no_aging,0.018874955752148422,0.015124457528446406,0.11335906500972458,0.006151345706139435,1.0,21.035789277199854,149,146,3,1181.7066947156413,1133.6681750480939,48.038519667547455,11.6787031124144,7354,31288,284
nominal,20,20260930,diu_no_future_access,0.019620988711326504,0.014759101472105315,0.11393926158023232,0.010045656979228525,1.0,20.86869266489362,147,145,2,1169.8630831085766,1129.8277532080351,40.03532990054126,11.952646887870866,7353,31528,286
nominal,20,20260930,diu_no_forecast,0.018983485887701764,0.015439834837519588,0.11525980592713932,0.006663217474172762,1.0,20.488375892984404,149,144,5,1165.9825337268542,1133.944583347225,32.037950379629194,11.0,7209,31435,284
nominal,20,20260930,diu_no_resources,0.018874955752148422,0.015124457528446406,0.11335906500972458,0.006151345706139435,1.0,21.035789277199854,149,146,3,1181.7066947156413,1133.6681750480939,48.038519667547455,11.6787031124144,7354,31288,284
nominal,21,20260931,diu_full,0.018394054207691014,0.015254296581236108,0.11514372570038252,0.008443571701509096,1.0,20.52180699829037,149,144,5,1165.7293701224996,1133.6930234839047,32.03634663859519,12.226393733333333,7354,31236,284
nominal,21,20260931,diu_no_aging,0.018394054207691014,0.015254296581236108,0.11514372570038252,0.008443571701509096,1.0,20.52180699829037,149,144,5,1165.7293701224996,1133.6930234839047,32.03634663859519,12.226393733333333,7354,31236,284
nominal,21,20260931,diu_no_future_access,0.022820785584962065,0.018435000638270978,0.11324194230211801,0.013770206147044411,1.0,21.069520616990545,149,146,3,1178.3529498438177,1130.3182426588069,48.0347071850106,11.678660632569025,7357,31236,284
nominal,21,20260931,diu_no_forecast,0.016556754691365607,0.013751853036009553,0.11470801833869403,0.008171002345087046,1.0,20.647290718456656,150,145,5,1173.7670880101919,1133.7292973546248,40.037790655567335,11.952456491921339,7499,30948,283
nominal,21,20260931,diu_no_resources,0.016674922048093878,0.013733683153043475,0.11519951488683969,0.007189279153899737,1.0,20.505739712590707,150,144,6,1166.0679776254265,1134.0305191562134,32.03745846921298,12.226393733333333,7498,30948,283
nominal,22,20260932,diu_full,0.01544221890292326,0.011793589811481613,0.11453267820059687,0.014945466099065559,1.0,20.697788678228637,148,145,3,1173.0799329961571,1133.0419322220796,40.03800077407731,11.952705144497742,7210,31524,285
nominal,22,20260932,diu_no_aging,0.01544221890292326,0.011793589811481613,0.11453267820059687,0.014945466099065559,1.0,20.697788678228637,148,145,3,1173.0799329961571,1133.0419322220796,40.03800077407731,11.952705144497742,7210,31524,285
nominal,22,20260932,diu_no_future_access,0.019178514648042294,0.016071159135153817,0.11455872035139768,0.009143107554009069,1.0,20.690288538798,146,144,2,1161.136912245025,1129.1053795751027,32.03153266992291,11.952457266302522,7209,31816,287
nominal,22,20260932,diu_no_forecast,0.01939515018799362,0.012932851656582197,0.11515200828949355,0.016071787431479325,1.0,20.51942161262639,150,145,5,1173.2081132903838,1133.16780487715,40.04030841323385,11.952480536048629,7210,31237,283
nominal,22,20260932,diu_no_resources,0.015274409204448752,0.01169281219431491,0.1145693528927389,0.014791832433056425,1.0,20.68722636689174,148,145,3,1173.1605811794882,1133.1225807402134,40.03800043927448,11.952705144497742,7210,31524,285
nominal,23,20260933,diu_full,0.022616291654356545,0.018177144663939007,0.1144510551121495,0.020671023981101197,1.0,20.721296127701475,149,145,4,1173.0944753408303,1133.0575242487544,40.03695109207604,11.952456491921339,7498,31095,284
nominal,23,20260933,diu_no_aging,0.022616291654356545,0.018177144663939007,0.1144510551121495,0.020671023981101197,1.0,20.721296127701475,149,145,4,1173.0944753408303,1133.0575242487544,40.03695109207604,11.952456491921339,7498,31095,284
nominal,23,20260933,diu_no_future_access,0.02122436291671904,0.01681556734389518,0.11387678219533331,0.011777403431177625,1.0,20.886686727744536,148,145,3,1169.0376808777062,1129.004670471768,40.033010405938505,11.952459731831336,7210,31526,285
nominal,23,20260933,diu_no_forecast,0.021576315044777,0.01717393418565226,0.1152439906290806,0.01056460487920512,1.0,20.49293069882532,150,144,6,1165.7101075510006,1073.6717164581096,92.03839109289099,14.94044959581737,7354,31095,283
nominal,23,20260933,diu_no_resources,0.022136955674572748,0.017779657091461214,0.1144510551121495,0.020302544578209993,1.0,20.721296127701475,149,145,4,1173.894451867971,1133.8575007758952,40.03695109207604,11.952456491921339,7498,31095,284
battery_stress,0,20270910,diu_full,0.02210985815008701,0.018516640767293147,0.12891040724866418,0.012358649361397868,1.0,16.557002712385298,120,116,4,941.7133571071539,889.6832945070623,52.030062600091426,6.881978485711513,16117,26710,313
battery_stress,0,20270910,diu_no_aging,0.02210985815008701,0.018516640767293147,0.12891040724866418,0.012358649361397868,1.0,16.557002712385298,120,116,4,941.7133571071539,889.6832945070623,52.030062600091426,6.881978485711513,16117,26710,313
battery_stress,0,20270910,diu_no_future_access,0.021892498193191973,0.018010352909664528,0.12868573730457428,0.01110686618611783,1.0,16.62170765628319,116,116,0,937.5739851308252,885.5449724030626,52.02901272776274,6.882007110857309,14565,28785,317
battery_stress,0,20270910,diu_no_forecast,0.019942234334091164,0.016719018912125953,0.1291331788282887,0.006661791231416402,1.0,16.49284449745343,119,116,3,941.489422929361,889.4590709172558,52.03035201210467,6.882239058651882,16116,26857,314
battery_stress,0,20270910,diu_no_resources,0.02210985815008701,0.018516640767293147,0.12891040724866418,0.012358649361397868,1.0,16.557002712385298,120,116,4,941.7133571071539,889.6832945070623,52.030062600091426,6.881978485711513,16117,26710,313
battery_stress,1,20270911,diu_full,0.02062981390675078,0.016365184672051534,0.130040253910451,0.034938073287811205,0.9965277777777778,16.231606873790692,119,114,5,924.2783872832533,880.2473751784719,44.031012104781155,6.604714007608076,15050,27870,314
battery_stress,1,20270911,diu_no_aging,0.02062981390675078,0.016365184672051534,0.130040253910451,0.034938073287811205,0.9965277777777778,16.231606873790692,119,114,5,924.2783872832533,880.2473751784719,44.031012104781155,6.604714007608076,15050,27870,314
battery_stress,1,20270911,diu_no_future_access,0.01900364096637943,0.014770978561167622,0.1285616750324015,0.01224637502303871,1.0,16.65743759066894,119,116,3,937.1728584309109,885.1434520475112,52.02940638339965,6.881931691261697,14855,28066,314
battery_stress,1,20270911,diu_no_forecast,0.01979608187598169,0.016209738293344995,0.13101290541618316,0.014134590964334873,1.0,15.95148324013983,118,113,5,916.1361341668916,888.1079081238216,28.028226043069935,6.050000000000001,14753,28311,315
battery_stress,1,20270911,diu_no_resources,0.019679089667605218,0.016261724469867244,0.12952450070416244,0.008556060547435629,1.0,16.380143797201793,118,115,3,933.3707316677123,889.3410897239586,44.029641943754065,6.604665606027499,14944,28120,315
battery_stress,2,20270912,diu_full,0.02387149546779687,0.019532224058152237,0.12968337402843766,0.010731425156429561,1.0,16.334388279810533,116,115,1,932.8054294110146,888.7758837826785,44.029545628336194,6.6046086663170085,14503,28847,317
battery_stress,2,20270912,diu_no_aging,0.02387149546779687,0.019532224058152237,0.12968337402843766,0.010731425156429561,1.0,16.334388279810533,116,115,1,932.8054294110146,888.7758837826785,44.029545628336194,6.6046086663170085,14503,28847,317
battery_stress,2,20270912,diu_no_future_access,0.025477548307114965,0.0208781419611448,0.12872249540595837,0.022066613372807447,1.0,16.61112132308456,116,116,0,938.1428377663296,886.1124131555082,52.030424610821896,6.881934532095563,14565,28785,317
battery_stress,2,20270912,diu_no_forecast,0.023788099669350467,0.01874701624445509,0.12908435134820673,0.013426158250691569,1.0,16.506906811717048,119,116,3,940.4190225828012,888.3880220946271,52.03100048817409,6.881914186066404,14774,28146,314
battery_stress,2,20270912,diu_no_resources,0.023846117412156857,0.019555905085633096,0.1296474849198412,0.010363352731104275,1.0,16.344724343086313,116,115,1,934.2746316129424,890.2450200393079,44.02961157363431,6.6046086663170085,14567,28783,317
battery_stress,3,20270913,diu_full,0.024810647045423042,0.020943522248961476,0.12943784357042215,0.02361261550171201,1.0,16.405101051718997,118,115,3,932.761729762449,880.7302201984575,52.03150956399141,6.8819391938040555,14211,28851,315
battery_stress,3,20270913,diu_no_aging,0.024810647045423042,0.020943522248961476,0.12943784357042215,0.02361261550171201,1.0,16.405101051718997,118,115,3,932.761729762449,880.7302201984575,52.03150956399141,6.8819391938040555,14211,28851,315
battery_stress,3,20270913,diu_no_future_access,0.024019474477665496,0.020273235673936005,0.1286106155476745,0.012309990578677479,1.0,16.643342722270315,117,116,1,938.4378932238956,886.4095519732879,52.02834125060798,6.88194821213233,14711,28498,316
battery_stress,3,20270913,diu_no_forecast,0.02441534323822006,0.02056317031069303,0.1313020989308185,0.010242622648419348,1.0,15.868195507924849,120,112,8,909.3739052515804,881.3459475396421,28.02795771193773,6.050000000000001,14370,28407,313
battery_stress,3,20270913,diu_no_resources,0.024041163462154316,0.02013745089029843,0.13004766307886076,0.015040584063995104,1.0,16.229473033288684,120,114,6,925.4920770910476,881.4621570793711,44.02992001167625,6.60492782874101,14655,28118,313
battery_stress,4,20270914,diu_full,0.01898491936200257,0.016130278715974184,0.13012364228640452,0.014853492781598872,1.0,16.20759102151608,116,114,2,925.0354991440443,881.0047838155036,44.03071532854068,6.88194745652459,14077,29275,317
battery_stress,4,20270914,diu_no_aging,0.01898491936200257,0.016130278715974184,0.13012364228640452,0.014853492781598872,1.0,16.20759102151608,116,114,2,925.0354991440443,881.0047838155036,44.03071532854068,6.88194745652459,14077,29275,317
battery_stress,4,20270914,diu_no_future_access,0.016160945866065514,0.013893802526563553,0.1292111209487138,0.00764050084854379,1.0,16.470397166771004,118,115,3,929.518753318294,885.4899237478362,44.028829570458136,6.6046357040253,14854,28208,315
battery_stress,4,20270914,diu_no_forecast,0.01946522072795409,0.01598988885915044,0.1308136601713132,0.015828222605443545,1.0,16.008865870662373,120,113,7,917.7660630544452,881.7360136987796,36.030049355665184,6.604609129709,15684,27141,313
battery_stress,4,20270914,diu_no_resources,0.017692214297405952,0.014902664548118501,0.13012290980368815,0.014161829317041165,1.0,16.207801976538388,116,114,2,925.646387066137,881.6156620665436,44.03072499959336,6.88194745652459,14079,29273,317
battery_stress,5,20270915,diu_full,0.01752333435979478,0.01388106283991726,0.1288841764028804,0.014560531490135043,1.0,16.564557195971016,119,116,3,940.9268176987526,888.8956103106044,52.031207388147635,6.882096074753365,15087,27834,314
battery_stress,5,20270915,diu_no_aging,0.01752333435979478,0.01388106283991726,0.1288841764028804,0.014560531490135043,1.0,16.564557195971016,119,116,3,940.9268176987526,888.8956103106044,52.031207388147635,6.882096074753365,15087,27834,314
battery_stress,5,20270915,diu_no_future_access,0.01765599159097997,0.014780349776054314,0.12852945523988152,0.007913239068897512,1.0,16.6667168909147,119,116,3,937.5150775267065,885.4868198272399,52.02825769946635,6.8819374631646,14854,28065,314
battery_stress,5,20270915,diu_no_forecast,0.01887895570767965,0.014315550253958599,0.12904117498588324,0.035590693447601844,0.9965277777777778,16.519341604066202,121,116,5,940.6459984621221,888.6144280535724,52.031570408549726,6.8821897796960405,15220,27412,312
battery_stress,5,20270915,diu_no_resources,0.01785955558761406,0.014118905562555711,0.12884191186000854,0.021139126853547335,1.0,16.576729384318114,120,116,4,942.0409274605678,890.0094707584686,52.03145670209861,6.881972586151231,16264,26565,313
battery_stress,6,20270916,diu_full,0.018775898570210375,0.015102232371358564,0.1294351955572106,0.005812013049836754,1.0,16.405863679523915,119,115,4,932.6997749193121,888.6700674846636,44.02970743464851,6.8819391938040555,15077,27843,314
battery_stress,6,20270916,diu_no_aging,0.018775898570210375,0.015102232371358564,0.1294351955572106,0.005812013049836754,1.0,16.405863679523915,119,115,4,932.6997749193121,888.6700674846636,44.02970743464851,6.8819391938040555,15077,27843,314
battery_stress,6,20270916,diu_no_future_access,0.016970452800170358,0.013014400947701189,0.12860402544119193,0.008804559390112023,1.0,16.645240672937295,119,116,3,937.3982054572282,885.3693008726847,52.02890458454359,6.882268977992917,14997,27921,314
battery_stress,6,20270916,diu_no_forecast,0.019438800968345233,0.016161915731574803,0.12851205034125204,0.016937085305747876,1.0,16.671729501719984,121,117,4,949.1186909030721,881.0842685146775,68.03442238839462,6.2101801539783406,14653,27976,312
battery_stress,6,20270916,diu_no_resources,0.018775898570210375,0.015102232371358564,0.1294351955572106,0.005812013049836754,1.0,16.405863679523915,119,115,4,932.6997749193121,888.6700674846636,44.02970743464851,6.8819391938040555,15077,27843,314
battery_stress,7,20270917,diu_full,0.024072451032960844,0.01921916876812139,0.12926068194614587,0.014283869031009434,1.0,16.456123599510573,121,115,6,933.676350390703,889.6452003150204,44.03115007568232,6.604665142635508,15376,27254,312
battery_stress,7,20270917,diu_no_aging,0.024072451032960844,0.01921916876812139,0.12926068194614587,0.014283869031009434,1.0,16.456123599510573,121,115,6,933.676350390703,889.6452003150204,44.03115007568232,6.604665142635508,15376,27254,312
battery_stress,7,20270917,diu_no_future_access,0.027461607019702784,0.022808216620636198,0.1291605101359113,0.013686633212853253,1.0,16.48497308085813,118,115,3,929.4040110724052,885.3749451852644,44.0290658871412,6.604656008415316,14853,28211,315
battery_stress,7,20270917,diu_no_forecast,0.022424012473259432,0.017888278835135694,0.12886867639793073,0.011667652057285817,1.0,16.569021197396527,118,116,2,941.5188493200626,889.4877517928796,52.031097527182595,6.881970662384903,14944,28118,315
battery_stress,7,20270917,diu_no_resources,0.024072451032960844,0.01921916876812139,0.12926068194614587,0.014283869031009434,1.0,16.456123599510573,121,115,6,933.676350390703,889.6452003150204,44.03115007568232,6.604665142635508,15376,27254,312
battery_stress,8,20270918,diu_full,0.025624455487294463,0.021107306644719017,0.13076061529789004,0.02505445801442868,1.0,16.02414279420825,117,113,4,918.3905727972564,882.3617150959636,36.02885770129261,6.327626252317952,15252,28008,316
battery_stress,8,20270918,diu_no_aging,0.025624455487294463,0.021107306644719017,0.13076061529789004,0.02505445801442868,1.0,16.02414279420825,117,113,4,918.3905727972564,882.3617150959636,36.02885770129261,6.327626252317952,15252,28008,316
battery_stress,8,20270918,diu_no_future_access,0.021837402696297192,0.017976153403408444,0.1289876360970924,0.015640610789858067,1.0,16.53476080403796,119,115,4,930.5244998850042,878.4955385641342,52.02896132086964,6.882035087344175,14278,28642,314
battery_stress,8,20270918,diu_no_forecast,0.02471049515073209,0.020706112329049706,0.13110766953866465,0.012134689871588914,1.0,15.924191172865163,118,113,5,917.1670071212511,889.139009847721,28.027997273530204,7.276393733333333,15088,27974,315
battery_stress,8,20270918,diu_no_resources,0.02587220408355214,0.02142340709371728,0.13076616871531685,0.016701200872530925,1.0,16.02254340998933,116,113,3,918.4092672740932,882.379759568059,36.02950770603411,6.327311855214769,14160,29192,317
battery_stress,9,20270919,diu_full,0.01623942027109132,0.013400640500912997,0.1307015720624507,0.004448569787430866,1.0,16.041147246014773,119,113,6,917.2739718221585,889.2459899783906,28.02798184376806,6.327364029604441,14944,27974,314
battery_stress,9,20270919,diu_no_aging,0.01623942027109132,0.013400640500912997,0.1307015720624507,0.004448569787430866,1.0,16.041147246014773,119,113,6,917.2739718221585,889.2459899783906,28.02798184376806,6.327364029604441,14944,27974,314
battery_stress,9,20270919,diu_no_future_access,0.019803158254670602,0.015772588966054605,0.12974478255121913,0.014559107795278291,1.0,16.316702625249466,117,114,3,923.2749615271771,879.2476093821539,44.02735214502323,6.604610180060346,14709,28497,316
battery_stress,9,20270919,diu_no_forecast,0.017140527279301564,0.014196184600585741,0.13018321646222997,0.006913441819019858,1.0,16.190433658878334,127,114,13,925.136668136707,881.106765184644,44.02990295206263,6.881970662384903,15519,26247,306
battery_stress,9,20270919,diu_no_resources,0.01623942027109132,0.013400640500912997,0.1307015720624507,0.004448569787430866,1.0,16.041147246014773,119,113,6,917.2739718221585,889.2459899783906,28.02798184376806,6.327364029604441,14944,27974,314
battery_stress,10,20270920,diu_full,0.024465239331312914,0.02120796986584156,0.1299544664426066,0.009804218857421092,1.0,16.25631366452987,119,114,5,924.2998071025695,888.2715321259673,36.028274976602,6.604854908976584,15706,27267,314
battery_stress,10,20270920,diu_no_aging,0.024465239331312914,0.02120796986584156,0.1299544664426066,0.009804218857421092,1.0,16.25631366452987,119,114,5,924.2998071025695,888.2715321259673,36.028274976602,6.604854908976584,15706,27267,314
battery_stress,10,20270920,diu_no_future_access,0.023594469447692185,0.019761020266479426,0.1292228782191797,0.018824226885844442,1.0,16.467011072876826,118,115,3,930.0267750933339,885.9987086633686,44.028066429965065,6.8820753834146755,14853,28209,315
battery_stress,10,20270920,diu_no_forecast,0.023646663217755763,0.01995872731669762,0.1294496442381466,0.015654190984333207,1.0,16.401702459414356,121,115,6,933.220702118697,889.1894073696662,44.03129474903048,6.6046086663170085,16223,26461,312
battery_stress,10,20270920,diu_no_resources,0.02432299660935349,0.021078948707685976,0.1299544664426066,0.009684481564098742,1.0,16.25631366452987,119,114,5,924.7921665700578,888.7638915934556,36.028274976602,6.604854908976584,15959,27014,314
battery_stress,11,20270921,diu_full,0.022560258491322607,0.017320389260577745,0.12937582196703318,0.012110606991418745,1.0,16.422963273495025,124,115,9,932.1004791759556,888.0704184322186,44.030060743737025,6.604612968245836,16457,25845,309
battery_stress,11,20270921,diu_no_aging,0.022560258491322607,0.017320389260577745,0.12937582196703318,0.012110606991418745,1.0,16.422963273495025,124,115,9,932.1004791759556,888.0704184322186,44.030060743737025,6.604612968245836,16457,25845,309
battery_stress,11,20270921,diu_no_future_access,0.02008851992182586,0.015833410857594155,0.1286462768956973,0.00903983077122012,1.0,16.633072254039757,118,116,2,937.4945391793206,885.4659234287848,52.028615750535934,6.882208705836826,15034,28080,315
battery_stress,11,20270921,diu_no_forecast,0.023431419538041745,0.018336833579423117,0.1290247133172813,0.0123486136066174,1.0,16.524082564623562,123,116,7,940.5071718130588,888.4751156964801,52.03205611657844,6.881918323622292,16456,25989,310
battery_stress,11,20270921,diu_no_resources,0.022613736075586702,0.017305820780734314,0.1293033951106247,0.011663218697402463,1.0,16.443822208140666,124,115,9,932.7382635276634,888.7082569103443,44.03000661731916,6.604612968245836,16468,25845,309
battery_stress,12,20270922,diu_full,0.023895273256271676,0.01787682324342801,0.12926594903083208,0.01643752578257039,1.0,16.454606679120946,117,115,2,932.847657817894,880.818566690682,52.02909112721174,6.88223162012404,14794,28415,316
battery_stress,12,20270922,diu_no_aging,0.023895273256271676,0.01787682324342801,0.12926594903083208,0.01643752578257039,1.0,16.454606679120946,117,115,2,932.847657817894,880.818566690682,52.02909112721174,6.88223162012404,14794,28415,316
battery_stress,12,20270922,diu_no_future_access,0.01886086386059849,0.01545665396018984,0.12872293747215263,0.014433752467586424,1.0,16.61099400802063,118,116,2,937.8606144106042,885.8320648863477,52.02854952425664,6.881928536378586,15088,28026,315
battery_stress,12,20270922,diu_no_forecast,0.02275219897052575,0.01667200021521452,0.13003785159032583,0.015844114443022073,1.0,16.232298741986753,119,114,5,925.3549459179208,881.3227510702309,44.03219484768937,6.6046086663170085,15090,27831,314
battery_stress,12,20270922,diu_no_resources,0.024411501628007624,0.018275073609805036,0.12887113282843535,0.021682731826236167,1.0,16.568313745411192,117,116,1,941.0784090883604,889.0495489863339,52.02886010202653,6.882382681140248,14800,28409,316
battery_stress,13,20270923,diu_full,0.02022006755840982,0.01645502502658181,0.12965186450145183,0.01028155238561586,1.0,16.343463023582455,120,115,5,933.3382294543014,889.3076314443155,44.030598009985376,6.604619935843024,14800,27975,313
battery_stress,13,20270923,diu_no_aging,0.02022006755840982,0.01645502502658181,0.12965186450145183,0.01028155238561586,1.0,16.343463023582455,120,115,5,933.3382294543014,889.3076314443155,44.030598009985376,6.604619935843024,14800,27975,313
battery_stress,13,20270923,diu_no_future_access,0.01903682301912916,0.015499658085387082,0.12861217457528398,0.009681410399160798,1.0,16.64289372231879,116,116,0,936.9020629959294,884.872841953231,52.02922104269865,6.881920303577578,14565,28785,317
battery_stress,13,20270923,diu_no_forecast,0.02007032266691976,0.016444001738011988,0.12934705516192818,0.012224791686998148,1.0,16.43124811336526,121,116,5,941.7927093350988,889.7607820350022,52.031927300096115,6.882122924607083,16114,26569,312
battery_stress,13,20270923,diu_no_resources,0.02022006755840982,0.01645502502658181,0.12965186450145183,0.01028155238561586,1.0,16.343463023582455,120,115,5,933.3382294543014,889.3076314443155,44.030598009985376,6.604619935843024,14800,27975,313
battery_stress,14,20270924,diu_full,0.021172546021703046,0.017600524024416007,0.12952752278355004,0.011649132123851056,1.0,16.37927343833817,118,115,3,933.3565879307797,889.327599412968,44.02898851781158,6.604793468203583,14799,28264,315
battery_stress,14,20270924,diu_no_aging,0.021172546021703046,0.017600524024416007,0.12952752278355004,0.011649132123851056,1.0,16.37927343833817,118,115,3,933.3565879307797,889.327599412968,44.02898851781158,6.604793468203583,14799,28264,315
battery_stress,14,20270924,diu_no_future_access,0.022450324926691478,0.019251606412428377,0.12908201055017976,0.01295235606904697,1.0,16.507580961548804,116,115,1,930.8187565985205,878.7900766693963,52.02867992912418,6.88194821213233,13988,29364,317
battery_stress,14,20270924,diu_no_forecast,0.021203495797312965,0.017534315109543324,0.12978035974303578,0.008305250734796227,1.0,16.30645639400627,119,115,4,934.0533205074896,890.0218687540354,44.03145175345402,6.6046086663170085,15972,26999,314
battery_stress,14,20270924,diu_no_resources,0.021383637732474193,0.017778692571768038,0.12952752278355004,0.01179083648154752,1.0,16.37927343833817,118,115,3,933.7404225022995,889.7114339844878,44.02898851781158,6.604793468203583,14799,28264,315
battery_stress,15,20270925,diu_full,0.02253562058729989,0.018826654696538384,0.12871405786496196,0.011082459651763533,1.0,16.613551334891532,121,116,5,942.2367147219769,890.204600752772,52.032113969204616,6.8819469931325985,16263,26421,312
battery_stress,15,20270925,diu_no_aging,0.02253562058729989,0.018826654696538384,0.12871405786496196,0.011082459651763533,1.0,16.613551334891532,121,116,5,942.2367147219769,890.204600752772,52.032113969204616,6.8819469931325985,16263,26421,312
battery_stress,15,20270925,diu_no_future_access,0.022530502604848214,0.018592396881879067,0.1285915403815622,0.010344383435424214,1.0,16.648836370110658,119,116,3,937.9935931287579,885.965098684469,52.028494444288874,6.881936109881435,15061,27909,314
battery_stress,15,20270925,diu_no_forecast,0.021759483883870633,0.018672784028579397,0.12954982782706181,0.012410454660882912,1.0,16.372849585806765,121,115,6,933.8445872719443,881.8120878044143,52.0324994675298,6.881914186066404,14805,27826,312
battery_stress,15,20270925,diu_no_resources,0.021686334615390754,0.017973126759118434,0.1288233260025956,0.010271441261428949,1.0,16.582082111253033,118,116,2,941.9575910989219,889.9244898085919,52.03310129032985,6.881918243510619,14960,28105,315
battery_stress,16,20270926,diu_full,0.024309229424875112,0.0197106374658322,0.12944925851615352,0.011596424072609055,1.0,16.401813547348365,116,115,1,932.8343136547282,888.804901699339,44.02941195538925,6.604668908517902,14648,28702,317
battery_stress,16,20270926,diu_no_aging,0.024309229424875112,0.0197106374658322,0.12944925851615352,0.011596424072609055,1.0,16.401813547348365,116,115,1,932.8343136547282,888.804901699339,44.02941195538925,6.604668908517902,14648,28702,317
battery_stress,16,20270926,diu_no_future_access,0.025573744318114787,0.020650808049635094,0.1304989945704225,0.017923610660139918,1.0,16.099489563718894,117,113,4,913.8137837715278,885.7873031042441,28.026480667283906,6.050000000000001,14709,28497,316
battery_stress,16,20270926,diu_no_forecast,0.024490489556487686,0.01920728284490881,0.12978535818667053,0.008910753913773634,1.0,16.30501684223946,118,115,3,932.3729469375014,888.341491550826,44.031455386675404,6.6046693719098934,15414,27700,315
battery_stress,16,20270926,diu_no_resources,0.02435464006014125,0.019732558420060043,0.12944925851615352,0.01155930498788711,1.0,16.401813547348365,116,115,1,933.0212170983191,888.9909974984877,44.0302195998316,6.604668908517902,14654,28696,317
battery_stress,17,20270927,diu_full,0.021892861471324444,0.018385631290294073,0.13062811318690265,0.0102547309135011,1.0,16.06230340217261,119,113,6,916.277128179434,880.2470736253978,36.03005455403607,6.327307553285942,14761,28157,314
battery_stress,17,20270927,diu_no_aging,0.021892861471324444,0.018385631290294073,0.13062811318690265,0.0102547309135011,1.0,16.06230340217261,119,113,6,916.277128179434,880.2470736253978,36.03005455403607,6.327307553285942,14761,28157,314
battery_stress,17,20270927,diu_no_future_access,0.024120123252092802,0.01943250964449202,0.12857737529069918,0.039476817514867896,0.9965277777777778,16.652915916279216,118,116,2,937.5277417356,885.4983657208411,52.02937601475862,6.8819294868260705,14853,28211,315
battery_stress,17,20270927,diu_no_forecast,0.024419906253076232,0.020823576709859577,0.13027077335121948,0.014085970416369768,1.0,16.165217274849372,119,114,5,924.6499274959829,888.6208926852654,36.02903481071762,6.327307553285942,14930,27988,314
battery_stress,17,20270927,diu_no_resources,0.023378791207649005,0.020046656742435262,0.13074337803647146,0.009420686400860738,1.0,16.029107125496793,120,113,7,917.839926851267,881.8102683347684,36.02965851649846,6.327307553285942,14805,27970,313
battery_stress,18,20270928,diu_full,0.02193837840700961,0.017615907027041085,0.12870552633260107,0.0118838917183907,1.0,16.616008416211464,119,116,3,941.8749161809964,889.8436430398494,52.03127314114688,6.881972122759239,14951,27968,314
battery_stress,18,20270928,diu_no_aging,0.02193837840700961,0.017615907027041085,0.12870552633260107,0.0118838917183907,1.0,16.616008416211464,119,116,3,941.8749161809964,889.8436430398494,52.03127314114688,6.881972122759239,14951,27968,314
battery_stress,18,20270928,diu_no_future_access,0.02292317475180758,0.019399819059622084,0.1281554121524307,0.013210569856815948,1.0,16.774441300100534,117,117,0,944.0967918929167,892.0675587993231,52.02923309359335,6.881937506822862,14652,28696,316
battery_stress,18,20270928,diu_no_forecast,0.023958864961359055,0.01948051685318501,0.12977238885098344,0.01258606056427268,1.0,16.308752010917345,123,114,9,925.0393890183676,873.0075323330761,52.03185668529103,6.881970381531538,14799,27545,310
battery_stress,18,20270928,diu_no_resources,0.02193837840700961,0.017615907027041085,0.12870552633260107,0.0118838917183907,1.0,16.616008416211464,119,116,3,941.8749161809964,889.8436430398494,52.03127314114688,6.881972122759239,14951,27968,314
battery_stress,19,20270929,diu_full,0.019055763065257077,0.015668492540062723,0.13113976601475427,0.00618476181327621,1.0,15.914947387751345,123,112,11,909.4485292663633,881.4212061563006,28.02732311006264,6.050000000000001,15681,26715,310
battery_stress,19,20270929,diu_no_aging,0.019055763065257077,0.015668492540062723,0.13113976601475427,0.00618476181327621,1.0,15.914947387751345,123,112,11,909.4485292663633,881.4212061563006,28.02732311006264,6.050000000000001,15681,26715,310
battery_stress,19,20270929,diu_no_future_access,0.01797790407367815,0.014220835225669784,0.1292043771347011,0.009813922112173183,1.0,16.472339385206656,121,115,6,929.9838758536913,885.9556306491719,44.02824520451914,6.604843036033337,17052,25810,312
battery_stress,19,20270929,diu_no_forecast,0.018750856581937644,0.01533935973900763,0.13130836387385944,0.005880906780267696,1.0,15.866391204329053,122,112,10,909.3168805333703,821.2882455566479,88.02863497672234,8.268574152162897,15391,27151,311
battery_stress,19,20270929,diu_no_resources,0.019055763065257077,0.015668492540062723,0.13113976601475427,0.00618476181327621,1.0,15.914947387751345,123,112,11,909.4485292663633,881.4212061563006,28.02732311006264,6.050000000000001,15681,26715,310
battery_stress,20,20270930,diu_full,0.01953174359425202,0.016271138711095746,0.12935726523048094,0.01633505170402324,1.0,16.428307613622067,120,115,5,933.3737144071264,889.3437376684137,44.02997673871226,6.882129478118955,14944,27831,313
battery_stress,20,20270930,diu_no_aging,0.01953174359425202,0.016271138711095746,0.12935726523048094,0.01633505170402324,1.0,16.428307613622067,120,115,5,933.3737144071264,889.3437376684137,44.02997673871226,6.882129478118955,14944,27831,313
battery_stress,20,20270930,diu_no_future_access,0.019378888485153605,0.016213299697328244,0.1287590367173782,0.007944418159170302,1.0,16.600597425395648,116,116,0,937.7646143841671,885.7365697158566,52.028044668310656,6.882018053989022,14565,28785,317
battery_stress,20,20270930,diu_no_forecast,0.02267564424533896,0.019072515591387836,0.13060082486164293,0.01235744929232051,1.0,16.070162439847422,124,113,11,917.3152995472551,889.286303526688,28.028996020567078,6.050000000000001,16678,25573,309
battery_stress,20,20270930,diu_no_resources,0.019683731275537845,0.01631014894642334,0.12937319305126826,0.01626952288280127,1.0,16.423720401235315,119,115,4,933.8647440293443,889.8347208479804,44.03002318136338,6.882098987952979,14805,28114,314
battery_stress,21,20270931,diu_full,0.01935469916672209,0.01638793129929679,0.12944325244755603,0.00857862424736351,1.0,16.403543295104445,120,115,5,932.5041874715835,888.4745230859787,44.02966438560473,6.881970662384903,16002,26826,313
battery_stress,21,20270931,diu_no_aging,0.01935469916672209,0.01638793129929679,0.12944325244755603,0.00857862424736351,1.0,16.403543295104445,120,115,5,932.5041874715835,888.4745230859787,44.02966438560473,6.881970662384903,16002,26826,313
battery_stress,21,20270931,diu_no_future_access,0.01991180824810947,0.016130422769907022,0.12926606871782134,0.014795042991668826,1.0,16.45457220926803,119,115,4,928.7498331877429,884.7212469748727,44.02858621287071,6.604632600943028,14852,28067,314
battery_stress,21,20270931,diu_no_forecast,0.018990826382050182,0.01650406485264903,0.1344294446957315,0.010531891191507412,1.0,14.967519927629908,114,106,8,861.1124952972625,825.0838602124036,36.02863508485886,6.6046086663170085,15212,28480,319
battery_stress,21,20270931,diu_no_resources,0.019347512987180314,0.01647820347278795,0.12944237492684904,0.008565428598556116,1.0,16.403796021068054,120,115,5,932.9487857110805,888.9191213254758,44.02966438560473,6.881970662384903,16180,26648,313
battery_stress,22,20270932,diu_full,0.018663095446950682,0.014919543166659796,0.12897293469290974,0.009804291478416447,1.0,16.53899480844257,117,116,1,941.7650607502088,889.7333931917362,52.031667558472336,6.8820063310806106,15824,27434,316
battery_stress,22,20270932,diu_no_aging,0.018663095446950682,0.014919543166659796,0.12897293469290974,0.009804291478416447,1.0,16.53899480844257,117,116,1,941.7650607502088,889.7333931917362,52.031667558472336,6.8820063310806106,15824,27434,316
battery_stress,22,20270932,diu_no_future_access,0.020291456361586052,0.01677987855091442,0.12864044984651476,0.008929331342034304,1.0,16.634750444204325,117,116,1,937.8453649911728,885.8155444102679,52.02982058090544,6.881936108208388,14709,28497,316
battery_stress,22,20270932,diu_no_forecast,0.017592409557090027,0.01381900915494954,0.1311433073284378,0.011327897719867551,1.0,15.913927489410488,118,113,5,917.5092041073269,881.4793595534841,36.029844553842864,6.327367795486835,15228,27887,315
battery_stress,22,20270932,diu_no_resources,0.018663095446950682,0.014919543166659796,0.12897293469290974,0.009804291478416447,1.0,16.53899480844257,117,116,1,941.7650607502088,889.7333931917362,52.031667558472336,6.8820063310806106,15824,27434,316
battery_stress,23,20270933,diu_full,0.022442221667700428,0.017590591335041927,0.12865959629554763,0.009822962967220582,1.0,16.629236266882856,121,116,5,941.3556864871659,889.3243443294252,52.031342157739914,6.882232885098414,16251,26434,312
battery_stress,23,20270933,diu_no_aging,0.022442221667700428,0.017590591335041927,0.12865959629554763,0.009822962967220582,1.0,16.629236266882856,121,116,5,941.3556864871659,889.3243443294252,52.031342157739914,6.882232885098414,16251,26434,312
battery_stress,23,20270933,diu_no_future_access,0.022862749730469766,0.019095006736215454,0.12863451688752922,0.019208553758606084,1.0,16.636459136392162,118,116,2,939.9698091613719,887.9415894882445,52.02821967312731,6.881952525478106,15736,27429,315
battery_stress,23,20270933,diu_no_forecast,0.023045470510357005,0.018071681016600907,0.13009871362852088,0.009807527986643381,1.0,16.214770474986555,119,114,5,925.3285079632017,889.2984138484379,36.030094114763074,6.327307553285942,16105,26867,314
battery_stress,23,20270933,diu_no_resources,0.02264611538595397,0.017986159683819322,0.12869560653523301,0.010313325706811047,1.0,16.618865317853466,121,116,5,941.6344850940433,889.6033142298477,52.031170864194905,6.882232885098414,16259,26426,312
storage_stress,0,20280910,diu_full,0.024663100593671557,0.020644759985213236,0.1484159175619616,0.007360722615473563,1.0,10.939415742155697,78,75,3,933.7113148047414,905.1069244001992,28.604390404542357,12.905342387480067,8801,39649,355
storage_stress,0,20280910,diu_no_aging,0.024663100593671557,0.020644759985213236,0.1484159175619616,0.007360722615473563,1.0,10.939415742155697,78,75,3,933.7113148047414,905.1069244001992,28.604390404542357,12.905342387480067,8801,39649,355
storage_stress,0,20280910,diu_no_future_access,0.026195443734130082,0.022997711176758716,0.14725319313517937,0.015168816842143558,1.0,11.274280377068974,77,77,0,958.385653956179,929.7792725483376,28.60638140784117,12.90494186517213,9088,39504,356
storage_stress,0,20280910,diu_no_forecast,0.02555473171547032,0.021642469725354732,0.14974142925282158,0.011616650644156745,1.0,10.557668375188019,78,73,5,909.273642134363,905.4703638491993,3.8032782851637528,11.0,8657,39812,355
storage_stress,0,20280910,diu_no_resources,0.025543129067147646,0.02142756665775244,0.1484159175619616,0.007809823045897736,1.0,10.939415742155697,78,75,3,934.0565226193085,905.4521322147664,28.604390404542357,12.905342387480067,8801,39669,355
storage_stress,1,20280911,diu_full,0.02110498059862763,0.017138789308598093,0.14864530053562153,0.007207779693038812,1.0,10.873353445741637,80,75,5,934.0586190966092,930.2562491879792,3.802369908630226,11.0,8943,39238,353
storage_stress,1,20280911,diu_no_aging,0.02110498059862763,0.017138789308598093,0.14864530053562153,0.007207779693038812,1.0,10.873353445741637,80,75,5,934.0586190966092,930.2562491879792,3.802369908630226,11.0,8943,39238,353
storage_stress,1,20280911,diu_no_future_access,0.022736032885250453,0.01943843731816504,0.14727631908183375,0.008236391962698915,1.0,11.267620104432511,78,77,1,958.7934774094548,930.1875993282938,28.605878081161194,12.904970009265144,9087,39384,355
storage_stress,1,20280911,diu_no_forecast,0.020556565357194606,0.017084163908835586,0.14804576437969624,0.005712171143058856,1.0,11.046019858648116,80,76,4,946.4803317436522,930.275554888541,16.204776855111405,11.952475201771502,9090,39092,353
storage_stress,1,20280911,diu_no_resources,0.02110498059862763,0.017138789308598093,0.14864530053562153,0.007207779693038812,1.0,10.873353445741637,80,75,5,934.0586190966092,930.2562491879792,3.802369908630226,11.0,8943,39238,353
storage_stress,2,20280912,diu_full,0.029188467299779725,0.025330447058391495,0.14794897158670536,0.017809185088226202,1.0,11.07389618302949,79,76,3,946.4390951510431,917.8343636781708,28.604731472872565,12.90517484811563,9088,39237,354
storage_stress,2,20280912,diu_no_aging,0.029188467299779725,0.025330447058391495,0.14794897158670536,0.017809185088226202,1.0,11.07389618302949,79,76,3,946.4390951510431,917.8343636781708,28.604731472872565,12.90517484811563,9088,39237,354
storage_stress,2,20280912,diu_no_future_access,0.02452090745258216,0.020962906252871887,0.14794405774839398,0.007591492413077304,1.0,11.075311368463177,77,76,1,945.4586338567146,929.2538615504075,16.204772306307134,11.952464264008247,9088,39503,356
storage_stress,2,20280912,diu_no_forecast,0.03053605713652338,0.026059644894870494,0.14785670905811626,0.01139329299688727,1.0,11.100467791263155,83,76,7,946.4411765072448,917.8355164234711,28.605660083773813,11.404935094677835,9089,38657,350
storage_stress,2,20280912,diu_no_resources,0.029141382700670168,0.025331525145285545,0.1479489715867054,0.017256477256790817,1.0,11.07389618302949,79,76,3,946.4395850779606,917.8343636781708,28.60522139978997,12.90517484811563,9088,39237,354
storage_stress,3,20280913,diu_full,0.027748430621877308,0.024913038025817656,0.14738120609904845,0.022167197890801234,1.0,11.237412643474679,78,77,1,958.8542812638466,930.2490819437735,28.60519932007327,12.905142070483807,9090,39380,355
storage_stress,3,20280913,diu_no_aging,0.027748430621877308,0.024913038025817656,0.14738120609904845,0.022167197890801234,1.0,11.237412643474679,78,77,1,958.8542812638466,930.2490819437735,28.60519932007327,12.905142070483807,9090,39380,355
storage_stress,3,20280913,diu_no_future_access,0.028161240283976704,0.0245985206160578,0.14731719429675363,0.01351144259347105,1.0,11.255848042535579,78,77,1,958.7989961852516,930.193008685125,28.605987500126467,12.905036164506074,9088,39380,355
storage_stress,3,20280913,diu_no_forecast,0.027419480394694575,0.02378722759210418,0.1476034405906421,0.026343858248762477,1.0,11.173409109895706,79,77,2,958.865286194784,930.2601826329416,28.60510356184248,12.90496598290205,9086,39236,354
storage_stress,3,20280913,diu_no_resources,0.027748430621877308,0.024913038025817656,0.14738120609904845,0.022167197890801234,1.0,11.237412643474679,78,77,1,958.8542812638466,930.2490819437735,28.60519932007327,12.905142070483807,9090,39380,355
storage_stress,4,20280914,diu_full,0.0246990352525726,0.020375807902841086,0.14774684097783503,0.007132449280954745,1.0,11.13210979838415,78,76,2,945.8032604249224,917.1974527930638,28.605807631858205,11.678661110270646,9088,39380,355
storage_stress,4,20280914,diu_no_aging,0.0246990352525726,0.020375807902841086,0.14774684097783503,0.007132449280954745,1.0,11.13210979838415,78,76,2,945.8032604249224,917.1974527930638,28.605807631858205,11.678661110270646,9088,39380,355
storage_stress,4,20280914,diu_no_future_access,0.023811871458882927,0.020179075721635534,0.14721690796551803,0.013371794981775124,1.0,11.284730505931442,80,77,3,957.7989522467619,929.1929350310961,28.60601721566581,12.904936210463402,9087,39076,353
storage_stress,4,20280914,diu_no_forecast,0.024428791482881133,0.020134054441176337,0.14796890118134762,0.008335460711633741,1.0,11.068156459772517,78,76,2,946.4420399595336,917.8356742979887,28.60636566154475,12.904921126034926,9088,39380,355
storage_stress,4,20280914,diu_no_resources,0.024920916501513356,0.02064174398674285,0.14778176719639563,0.007268138861102152,1.0,11.122051047438694,78,76,2,946.4690599119792,917.8632522801211,28.605807631858205,11.678661110270646,9088,39380,355
storage_stress,5,20280915,diu_full,0.024224301087460924,0.019638632296330536,0.14750839570708876,0.016520835809151837,1.0,11.200782036359067,77,77,0,958.7319226085746,930.1266065973387,28.605316011236035,12.905061286267037,9088,39524,356
storage_stress,5,20280915,diu_no_aging,0.024224301087460924,0.019638632296330536,0.14750839570708876,0.016520835809151837,1.0,11.200782036359067,77,77,0,958.7319226085746,930.1266065973387,28.605316011236035,12.905061286267037,9088,39524,356
storage_stress,5,20280915,diu_no_future_access,0.024259412553930798,0.021046873630804538,0.14779155297189778,0.01639634033403902,1.0,11.119232744094072,78,76,2,945.4657988254083,929.2608965740975,16.204902251310706,11.952454558238312,9088,39359,355
storage_stress,5,20280915,diu_no_forecast,0.023650403972556217,0.019862884078839793,0.1482957965047359,0.008542535705459141,1.0,10.974010606636686,79,76,3,946.3179663255647,930.1129672648171,16.204999060747625,11.952456491921339,9089,39240,354
storage_stress,5,20280915,diu_no_resources,0.024224301087460924,0.019638632296330536,0.14750839570708876,0.016520835809151837,1.0,11.200782036359067,77,77,0,958.7319226085746,930.1266065973387,28.605316011236035,12.905061286267037,9088,39524,356
storage_stress,6,20280916,diu_full,0.030527953024620687,0.027117384825475554,0.14747164712545238,0.012641210902181994,1.0,11.211365627870347,77,77,0,958.7316220293563,930.1256433055856,28.605978723770647,12.904927674868931,9088,39524,356
storage_stress,6,20280916,diu_no_aging,0.030527953024620687,0.027117384825475554,0.14747164712545238,0.012641210902181994,1.0,11.211365627870347,77,77,0,958.7316220293563,930.1256433055856,28.605978723770647,12.904927674868931,9088,39524,356
storage_stress,6,20280916,diu_no_future_access,0.029366213815076772,0.026014016208850313,0.14721413043927045,0.022504755037224614,1.0,11.285530433490742,79,77,2,957.9537284425555,929.3472748051145,28.606453637440946,12.904937150781976,9088,39253,354
storage_stress,6,20280916,diu_no_forecast,0.0329663661805494,0.029849668732961798,0.14756722675287273,0.01564219094458029,1.0,11.183838695173291,78,77,1,958.8811802490652,930.2747326123886,28.60644763667694,12.904927622936805,9088,39380,355
storage_stress,6,20280916,diu_no_resources,0.030527953024620687,0.027117384825475554,0.14747164712545238,0.012641210902181994,1.0,11.211365627870347,77,77,0,958.7316220293563,930.1256433055856,28.605978723770647,12.904927674868931,9088,39524,356
storage_stress,7,20280917,diu_full,0.023561920603749318,0.018971809698682878,0.1478784470017236,0.012484464307301404,1.0,11.094207263504243,77,76,1,946.4505837510169,930.2455834409869,16.205000310029533,11.952456491921339,9088,39523,356
storage_stress,7,20280917,diu_no_aging,0.023561920603749318,0.018971809698682878,0.1478784470017236,0.012484464307301404,1.0,11.094207263504243,77,76,1,946.4505837510169,930.2455834409869,16.205000310029533,11.952456491921339,9088,39523,356
storage_stress,7,20280917,diu_no_future_access,0.02344926556091111,0.019035771220646036,0.1473704739685378,0.015616179362345804,1.0,11.240503497061747,80,77,3,958.8444926886295,930.2388740994752,28.60561858915417,12.90510793204001,9089,39174,353
storage_stress,7,20280917,diu_no_forecast,0.02344232230745887,0.019533060888447654,0.14739965079995007,0.010477854143812379,1.0,11.232100569615017,77,77,0,958.8621972081527,930.2562207871737,28.60597642097879,12.905025187208397,9088,39524,356
storage_stress,7,20280917,diu_no_resources,0.023561920603749318,0.018971809698682878,0.1478784470017236,0.012484464307301404,1.0,11.094207263504243,77,76,1,946.4505837510169,930.2455834409869,16.205000310029533,11.952456491921339,9088,39523,356
storage_stress,8,20280918,diu_full,0.023576376828760327,0.01957349306602361,0.14744140591208196,0.01313403671254467,1.0,11.22007509732104,81,77,4,958.8571386639076,930.2517455217378,28.605393142169348,11.67873772359378,9084,38948,352
storage_stress,8,20280918,diu_no_aging,0.023576376828760327,0.01957349306602361,0.14744140591208196,0.01313403671254467,1.0,11.22007509732104,81,77,4,958.8571386639076,930.2517455217378,28.605393142169348,11.67873772359378,9084,38948,352
storage_stress,8,20280918,diu_no_future_access,0.02293708412911431,0.018677872076295798,0.14718699043157663,0.01868502788679459,1.0,11.293346755706574,83,77,6,957.8712464050827,929.2647366009552,28.606509804127597,11.678527607069126,9234,38487,350
storage_stress,8,20280918,diu_no_forecast,0.0225322247641984,0.018208190590058144,0.14865812427527436,0.016695944433587382,1.0,10.869660208721616,81,75,6,934.0651806786675,930.2635565296954,3.801624148972021,11.0,8945,39094,352
storage_stress,8,20280918,diu_no_resources,0.023576376828760327,0.01957349306602361,0.14744140591208196,0.01313403671254467,1.0,11.22007509732104,81,77,4,958.8571386639076,930.2517455217378,28.605393142169348,11.67873772359378,9084,38948,352
storage_stress,9,20280919,diu_full,0.022451324359592476,0.01832462238320813,0.1478200076910338,0.005858098856923158,1.0,11.111037784982898,78,76,2,946.4452323360507,917.8395618603093,28.60567047574143,11.40492036508045,9088,39380,355
storage_stress,9,20280919,diu_no_aging,0.022451324359592476,0.01832462238320813,0.1478200076910338,0.005858098856923158,1.0,11.111037784982898,78,76,2,946.4452323360507,917.8395618603093,28.60567047574143,11.40492036508045,9088,39380,355
storage_stress,9,20280919,diu_no_future_access,0.022970306679254912,0.019245846237303396,0.1472741277081179,0.015302456410477042,1.0,11.268251220062673,78,77,1,958.231747668148,929.6250936554268,28.60665401272074,11.678514795640934,9088,39351,355
storage_stress,9,20280919,diu_no_forecast,0.023649318526961317,0.019420717198830144,0.14872893518968658,0.00900059112867483,1.0,10.849266665370898,77,75,2,934.0724793980717,930.2701029473994,3.802376450672046,11.0,8944,39667,356
storage_stress,9,20280919,diu_no_resources,0.022451324359592476,0.01832462238320813,0.1478200076910338,0.005858098856923158,1.0,11.111037784982898,78,76,2,946.4452323360507,917.8395618603093,28.60567047574143,11.40492036508045,9088,39380,355
storage_stress,10,20280920,diu_full,0.020642388783889288,0.01772820434599616,0.1480711217326973,0.013656223996247583,1.0,11.038716940983814,78,76,2,946.3150831736016,930.1112381862072,16.20384498739419,11.95265906874385,9088,39380,355
storage_stress,10,20280920,diu_no_aging,0.020642388783889288,0.01772820434599616,0.1480711217326973,0.013656223996247583,1.0,11.038716940983814,78,76,2,946.3150831736016,930.1112381862072,16.20384498739419,11.95265906874385,9088,39380,355
storage_stress,10,20280920,diu_no_future_access,0.026221585432472428,0.01964845183107604,0.1472177666095148,0.022151412636057036,0.9965277777777778,11.284483216460359,77,77,0,957.8597272161695,929.2535247816018,28.60620243456772,12.904946010532722,9088,39504,356
storage_stress,10,20280920,diu_no_forecast,0.021278519889472897,0.018260350468887257,0.14807095692265712,0.014714108384248498,1.0,11.038764406275382,78,76,2,946.4612580417388,930.2565634128582,16.20469462888046,11.952520819818453,9088,39380,355
storage_stress,10,20280920,diu_no_resources,0.020642388783889288,0.01772820434599616,0.1480711217326973,0.013656223996247583,1.0,11.038716940983814,78,76,2,946.3150831736016,930.1112381862072,16.20384498739419,11.95265906874385,9088,39380,355
storage_stress,11,20280921,diu_full,0.019657860824573454,0.016664831591962692,0.1473406939549612,0.010290617994374335,1.0,11.249080140971824,81,77,4,958.8573342724814,930.2521441162664,28.605190156214626,11.678785608269507,9082,38949,352
storage_stress,11,20280921,diu_no_aging,0.019657860824573454,0.016664831591962692,0.1473406939549612,0.010290617994374335,1.0,11.249080140971824,81,77,4,958.8573342724814,930.2521441162664,28.605190156214626,11.678785608269507,9082,38949,352
storage_stress,11,20280921,diu_no_future_access,0.01803567601236306,0.014654576888292933,0.14720130859211333,0.011182868244473228,1.0,11.289223125471993,80,77,3,958.384414432846,929.7783016126289,28.606112820217053,11.678524692050082,9087,39073,353
storage_stress,11,20280921,diu_no_forecast,0.018860590860254683,0.016216054584913417,0.14887572792327564,0.004308563281141466,1.0,10.806990358097243,82,75,7,934.0407297469601,930.2385813436728,3.8021484032872657,12.226393733333333,9085,38805,351
storage_stress,11,20280921,diu_no_resources,0.019657860824573454,0.016664831591962692,0.1473406939549612,0.010290617994374335,1.0,11.249080140971824,81,77,4,958.8573342724814,930.2521441162664,28.605190156214626,11.678785608269507,9082,38949,352
storage_stress,12,20280922,diu_full,0.021924872579634283,0.019116431177399973,0.14865599731942156,0.008611536317441366,1.0,10.870272772007231,78,75,3,933.9119863945548,930.1087603007402,3.803226093814498,12.226393733333333,9088,39378,355
storage_stress,12,20280922,diu_no_aging,0.021924872579634283,0.019116431177399973,0.14865599731942156,0.008611536317441366,1.0,10.870272772007231,78,75,3,933.9119863945548,930.1087603007402,3.803226093814498,12.226393733333333,9088,39378,355
storage_stress,12,20280922,diu_no_future_access,0.021378000841116438,0.018218327884756164,0.14729355993699114,0.016444752125352638,1.0,11.262654738147193,81,77,4,958.1844429778328,929.5778856264449,28.606557351387906,12.904930978889963,9088,38944,352
storage_stress,12,20280922,diu_no_forecast,0.02190767445912685,0.019054644737054257,0.14880230614997306,0.008150315584776092,1.0,10.828135828808396,78,75,3,934.056507055278,930.2532809614635,3.803226093814498,12.226393733333333,9088,39378,355
storage_stress,12,20280922,diu_no_resources,0.021924872579634283,0.019116431177399973,0.14865599731942156,0.008611536317441366,1.0,10.870272772007231,78,75,3,933.9119863945548,930.1087603007402,3.803226093814498,12.226393733333333,9088,39378,355
storage_stress,13,20280923,diu_full,0.021893541800206626,0.018092928840643285,0.1473507257270001,0.00824263335946143,1.0,11.246190990624605,81,77,4,958.8512761548753,930.2465231673385,28.604752987536894,11.678644369540123,9089,38950,352
storage_stress,13,20280923,diu_no_aging,0.021893541800206626,0.018092928840643285,0.1473507257270001,0.00824263335946143,1.0,11.246190990624605,81,77,4,958.8512761548753,930.2465231673385,28.604752987536894,11.678644369540123,9089,38950,352
storage_stress,13,20280923,diu_no_future_access,0.020903068146328224,0.016878405287611684,0.14733958364787078,0.007964821389563056,1.0,11.249399909413851,80,77,3,957.8058759655262,929.1995114655566,28.606364499969672,12.904970009265144,9231,38929,353
storage_stress,13,20280923,diu_no_forecast,0.021667016001436955,0.017927747666272507,0.14763624258413188,0.008252101170385743,1.0,11.16396213577065,78,77,1,958.8699549661583,930.2651450576749,28.604809908483,12.905025187208397,9087,39384,355
storage_stress,13,20280923,diu_no_resources,0.021893541800206626,0.018092928840643285,0.1473507257270001,0.00824263335946143,1.0,11.246190990624605,81,77,4,958.8512761548753,930.2465231673385,28.604752987536894,11.678644369540123,9089,38950,352
storage_stress,14,20280924,diu_full,0.021888175481989083,0.018380598900670814,0.14784938866052155,0.010774670185629713,1.0,11.102576065770428,80,76,4,946.3110464413694,917.7060459467451,28.60500049462436,11.678849936166621,9088,39092,353
storage_stress,14,20280924,diu_no_aging,0.021888175481989083,0.018380598900670814,0.14784938866052155,0.010774670185629713,1.0,11.102576065770428,80,76,4,946.3110464413694,917.7060459467451,28.60500049462436,11.678849936166621,9088,39092,353
storage_stress,14,20280924,diu_no_future_access,0.0222240630979556,0.018362375842896447,0.14734875954936066,0.010108078921767984,1.0,11.246757249784752,78,77,1,958.7246616073944,930.1185531726197,28.606108434774654,12.904948661474481,9087,39384,355
storage_stress,14,20280924,diu_no_forecast,0.021827001035501847,0.01827074965558676,0.148098590238748,0.00913022371247943,1.0,11.030806011241221,79,76,3,946.4474591614894,917.8423618061317,28.60509735535782,11.67880431811967,9088,39234,354
storage_stress,14,20280924,diu_no_resources,0.021888175481989083,0.018380598900670814,0.14784938866052155,0.010774670185629713,1.0,11.102576065770428,80,76,4,946.3110464413694,917.7060459467451,28.60500049462436,11.678849936166621,9088,39092,353
storage_stress,15,20280925,diu_full,0.02835984300296634,0.024318532663667777,0.1507162155245395,0.007467714054686547,1.0,10.276929928933267,79,71,8,884.4536133097171,880.6508181210422,3.802795188674704,12.226393733333333,8796,39529,354
storage_stress,15,20280925,diu_no_aging,0.02835984300296634,0.024318532663667777,0.1507162155245395,0.007467714054686547,1.0,10.276929928933267,79,71,8,884.4536133097171,880.6508181210422,3.802795188674704,12.226393733333333,8796,39529,354
storage_stress,15,20280925,diu_no_future_access,0.026308584818677087,0.022500114856663492,0.14783410705281022,0.01054343922940514,1.0,11.106977168791296,77,76,1,944.0123284749153,927.807970665692,16.20435780922309,11.952555061900803,9088,39496,356
storage_stress,15,20280925,diu_no_forecast,0.028307248663506382,0.024029620237113695,0.15030877155597017,0.011014019855907444,1.0,10.394273791881233,79,72,7,896.8612548363136,893.0588188518308,3.802435984482944,12.226393733333333,8797,39527,354
storage_stress,15,20280925,diu_no_resources,0.02835984300296634,0.024318532663667777,0.1507162155245395,0.007467714054686547,1.0,10.276929928933267,79,71,8,884.4536133097171,880.6508181210422,3.802795188674704,12.226393733333333,8796,39529,354
storage_stress,16,20280926,diu_full,0.02319677820622942,0.01882341973384931,0.1479824278719385,0.010866064426196441,1.0,11.06426077288235,81,76,5,946.4439821554513,917.8384996080126,28.605482547438775,11.678754604532385,9231,38806,352
storage_stress,16,20280926,diu_no_aging,0.02319677820622942,0.01882341973384931,0.1479824278719385,0.010866064426196441,1.0,11.06426077288235,81,76,5,946.4439821554513,917.8384996080126,28.605482547438775,11.678754604532385,9231,38806,352
storage_stress,16,20280926,diu_no_future_access,0.022449002930716378,0.01819938974671002,0.14793692215896956,0.010751104965004695,1.0,11.077366418217396,78,76,2,945.9728578878287,929.7684551488188,16.204402739010163,11.952453754320931,9086,39360,355
storage_stress,16,20280926,diu_no_forecast,0.023300061805586043,0.0193496655482099,0.14802809070023148,0.012516494630559646,1.0,11.051109878333971,81,76,5,946.4590140759328,917.8540113492376,28.605002726695453,11.678717626018623,9231,38808,352
storage_stress,16,20280926,diu_no_resources,0.02319677820622942,0.01882341973384931,0.1479824278719385,0.010866064426196441,1.0,11.06426077288235,81,76,5,946.4439821554513,917.8384996080126,28.605482547438775,11.678754604532385,9231,38806,352
storage_stress,17,20280927,diu_full,0.0275921052812787,0.02336349370995184,0.14898859160748043,0.011843345957091427,1.0,10.77448561704627,79,74,5,921.5061551996379,905.3023812362367,16.20377396340123,11.952583941498288,8799,39530,354
storage_stress,17,20280927,diu_no_aging,0.0275921052812787,0.02336349370995184,0.14898859160748043,0.011843345957091427,1.0,10.77448561704627,79,74,5,921.5061551996379,905.3023812362367,16.20377396340123,11.952583941498288,8799,39530,354
storage_stress,17,20280927,diu_no_future_access,0.02613238391076324,0.022266922674770262,0.14732651457601234,0.015540065840033994,1.0,11.25316380210908,77,77,0,958.2280550730558,929.621570101379,28.606484971676615,12.904945419025726,9088,39497,356
storage_stress,17,20280927,diu_no_forecast,0.02688108674756382,0.022426081680002145,0.14853394592404814,0.015226227622111585,1.0,10.905423573874772,80,75,5,934.163829388459,905.5585156803006,28.605313708158352,12.905133213411217,8799,39469,353
storage_stress,17,20280927,diu_no_resources,0.0275921052812787,0.02336349370995184,0.14898859160748043,0.011843345957091427,1.0,10.77448561704627,79,74,5,921.5061551996379,905.3023812362367,16.20377396340123,11.952583941498288,8799,39530,354
storage_stress,18,20280928,diu_full,0.028159133291266313,0.02470037809560602,0.14860635964670477,0.01446013452467224,1.0,10.884568421749663,78,75,3,934.2053924380252,930.4032030842806,3.8021893537444775,12.226393733333333,9089,39461,355
storage_stress,18,20280928,diu_no_aging,0.028159133291266313,0.02470037809560602,0.14860635964670477,0.01446013452467224,1.0,10.884568421749663,78,75,3,934.2053924380252,930.4032030842806,3.8021893537444775,12.226393733333333,9089,39461,355
storage_stress,18,20280928,diu_no_future_access,0.023718413707019506,0.019424792936415376,0.14735039111653547,0.011492624602349334,1.0,11.246287358438423,79,77,2,958.9130267218774,930.3077369942957,28.605289727581564,12.905171657479853,9086,39320,354
storage_stress,18,20280928,diu_no_forecast,0.0268994098764923,0.023392041472278403,0.14987427830014097,0.00974748432523566,1.0,10.519407849560038,80,73,7,909.4203975486187,884.6191164830566,24.80128106556198,14.131710387319494,8514,39750,353
storage_stress,18,20280928,diu_no_resources,0.028159133291266313,0.02470037809560602,0.14860635964670477,0.01446013452467224,1.0,10.884568421749663,78,75,3,934.2053924380252,930.4032030842806,3.8021893537444775,12.226393733333333,9089,39461,355
storage_stress,19,20280929,diu_full,0.019614437018471785,0.01547600272934601,0.14745402236673932,0.010288250781841712,1.0,11.21644155837971,79,77,2,958.8808269033457,930.2760381070937,28.604788796252073,12.90526206657085,9090,39236,354
storage_stress,19,20280929,diu_no_aging,0.019614437018471785,0.01547600272934601,0.14745402236673932,0.010288250781841712,1.0,11.21644155837971,79,77,2,958.8808269033457,930.2760381070937,28.604788796252073,12.90526206657085,9090,39236,354
storage_stress,19,20280929,diu_no_future_access,0.022464927050352617,0.017355365810270817,0.14727474210466562,0.0193333989879459,1.0,11.268074273856932,78,77,1,956.9554817434271,928.3494875953023,28.60599414812462,12.905029637209076,9087,39357,355
storage_stress,19,20280929,diu_no_forecast,0.02093375812924778,0.016593027053717253,0.14854185141754636,0.007748642239135051,1.0,10.90314679174729,79,75,4,934.0678443150871,905.4622577267414,28.605586588345624,12.9051012213907,8944,39382,354
storage_stress,19,20280929,diu_no_resources,0.019614437018471785,0.01547600272934601,0.14745402236673932,0.010288250781841712,1.0,11.21644155837971,79,77,2,958.8808269033457,930.2760381070937,28.604788796252073,12.90526206657085,9090,39236,354
storage_stress,20,20280930,diu_full,0.02370216974123443,0.020687780785166525,0.14845007776072855,0.008665548068595152,1.0,10.929577604910818,78,75,3,934.0651044721089,905.4611269901602,28.603977481949034,12.905133213411217,8800,39668,355
storage_stress,20,20280930,diu_no_aging,0.02370216974123443,0.020687780785166525,0.14845007776072855,0.008665548068595152,1.0,10.929577604910818,78,75,3,934.0651044721089,905.4611269901602,28.603977481949034,12.905133213411217,8800,39668,355
storage_stress,20,20280930,diu_no_future_access,0.02327033807022072,0.020053240852095384,0.14794410416899373,0.008030325737136142,1.0,11.075297999330441,77,76,1,946.1558623062556,929.9509478079983,16.204914498257168,11.952459458768807,9088,39496,356
storage_stress,20,20280930,diu_no_forecast,0.025679128613782236,0.022546921029560338,0.14838740368859618,0.008489039771143563,1.0,10.94762773768493,80,76,4,946.4622885724043,930.259321163902,16.20296740850229,11.952735455219871,9081,39094,353
storage_stress,20,20280930,diu_no_resources,0.02370216974123443,0.020687780785166525,0.14845007776072855,0.008665548068595152,1.0,10.929577604910818,78,75,3,934.0651044721089,905.4611269901602,28.603977481949034,12.905133213411217,8800,39668,355
storage_stress,21,20280931,diu_full,0.02310308423235575,0.019877359189171842,0.14790331561271572,0.01217536695640488,1.0,11.08704510353851,82,76,6,946.0670787675944,917.4617891418752,28.60528962571881,11.678595400973967,9228,38741,351
storage_stress,21,20280931,diu_no_aging,0.02310308423235575,0.019877359189171842,0.14790331561271572,0.01217536695640488,1.0,11.08704510353851,82,76,6,946.0670787675944,917.4617891418752,28.60528962571881,11.678595400973967,9228,38741,351
storage_stress,21,20280931,diu_no_future_access,0.02205956149119158,0.018717860163137534,0.14725330101091025,0.00769863325546608,1.0,11.274249308858481,77,77,0,958.5560127436177,929.9496105208002,28.606402222817593,12.904945216678364,9088,39497,356
storage_stress,21,20280931,diu_no_forecast,0.022570079884443157,0.019473937541286325,0.14804324693126336,0.008283901579172512,1.0,11.046744883796793,83,76,7,946.7380713239411,918.133360325205,28.60471099873616,11.678712059639825,9228,38597,350
storage_stress,21,20280931,diu_no_resources,0.02310308423235575,0.019877359189171842,0.14790331561271572,0.01217536695640488,1.0,11.08704510353851,82,76,6,946.0670787675944,917.4617891418752,28.60528962571881,11.678595400973967,9228,38741,351
storage_stress,22,20280932,diu_full,0.024028056579613537,0.0195580589771049,0.14746268509099084,0.011520990410506245,1.0,11.213946693795275,78,77,1,958.4433778095217,929.838374868689,28.60500294083263,12.90512011667207,9088,39363,355
storage_stress,22,20280932,diu_no_aging,0.024028056579613537,0.0195580589771049,0.14746268509099084,0.011520990410506245,1.0,11.213946693795275,78,77,1,958.4433778095217,929.838374868689,28.60500294083263,12.90512011667207,9088,39363,355
storage_stress,22,20280932,diu_no_future_access,0.020890074317409666,0.017054327301492683,0.1473508109199776,0.0094806038901158,1.0,11.246166455047083,78,77,1,958.3899012352437,929.7838446066032,28.606056628640268,12.905032080097685,9088,39360,355
storage_stress,22,20280932,diu_no_forecast,0.02293557814657605,0.019176280346411532,0.14797238509693109,0.006440273153571623,1.0,11.067153092084483,79,76,3,946.4607426951054,930.2566968039353,16.20404589116991,11.678555300463376,9086,39235,354
storage_stress,22,20280932,diu_no_resources,0.023603229882145995,0.019165879648971203,0.1474626850909908,0.011243838095063553,1.0,11.213946693795275,78,77,1,959.17688496542,930.5718820245871,28.60500294083263,12.90512011667207,9088,39363,355
storage_stress,23,20280933,diu_full,0.02604426062812877,0.022041061937603322,0.14817520670469908,0.008815106619558866,1.0,11.008740469047297,77,76,1,946.4611418789463,930.2562254790851,16.20491639986098,11.952473409294031,9088,39524,356
storage_stress,23,20280933,diu_no_aging,0.02604426062812877,0.022041061937603322,0.14817520670469908,0.008815106619558866,1.0,11.008740469047297,77,76,1,946.4611418789463,930.2562254790851,16.20491639986098,11.952473409294031,9088,39524,356
storage_stress,23,20280933,diu_no_future_access,0.026007063545502376,0.021930018656069875,0.14723298066226584,0.008953238180048529,1.0,11.280101569268076,79,77,2,956.9984581273311,928.392203397656,28.606254729675427,11.678553591229184,9088,39207,354
storage_stress,23,20280933,diu_no_forecast,0.024718460303767148,0.02092448221230733,0.14746999141339748,0.008107819186719854,1.0,11.211842472942159,77,77,0,958.8582250097578,930.2522485887788,28.60597642097879,12.905025187208397,9088,39524,356
storage_stress,23,20280933,diu_no_resources,0.025917214784873344,0.022029674296843618,0.14810353016057892,0.010365597781659443,1.0,11.029383313753906,77,76,1,946.7467638481552,930.5417635381253,16.205000310029533,11.952456491921339,9088,39538,356
cloud_stress,0,20290910,diu_full,0.01847969502087054,0.014407483931646654,0.11433227596729553,0.007518915172421921,1.0,20.755504521419418,154,146,8,1180.260697490139,1132.221157105776,48.03954038436268,11.678517694344357,7788,30084,279
cloud_stress,0,20290910,diu_no_aging,0.01847969502087054,0.014407483931646654,0.11433227596729553,0.007518915172421921,1.0,20.755504521419418,154,146,8,1180.260697490139,1132.221157105776,48.03954038436268,11.678517694344357,7788,30084,279
cloud_stress,0,20290910,diu_no_future_access,0.020267211792407504,0.015451456462996357,0.1141760998444454,0.012445182945736325,1.0,20.800483244800258,150,145,5,1171.8496348208425,1131.8160924304289,40.03354239041351,11.952462221610267,7210,31238,283
cloud_stress,0,20290910,diu_no_forecast,0.020713013153447098,0.016434346788267364,0.11946055732812304,0.008346512037465536,1.0,19.278559489501102,149,137,12,1109.6274309716628,1077.591182753079,32.036248218583864,11.0,7068,31524,284
cloud_stress,0,20290910,diu_no_resources,0.017895993959846444,0.014040037252194751,0.11429620865416774,0.006665780406237428,1.0,20.765891907600228,154,146,8,1181.1986829728276,1133.159636049983,48.039046922844705,11.678517694344357,7788,30084,279
cloud_stress,1,20290911,diu_full,0.021200200591475305,0.016994500718732944,0.11555185045417321,0.01384626506906314,1.0,20.40426706919865,151,144,7,1164.746557619832,1132.7113962899373,32.03516132989536,11.0,7500,30804,282
cloud_stress,1,20290911,diu_no_aging,0.021200200591475305,0.016994500718732944,0.11555185045417321,0.01384626506906314,1.0,20.40426706919865,151,144,7,1164.746557619832,1132.7113962899373,32.03516132989536,11.0,7500,30804,282
cloud_stress,1,20290911,diu_no_future_access,0.024740768588332376,0.020341705399716033,0.11347892770733184,0.01739079055282003,1.0,21.00126882028897,148,146,2,1178.0084432398328,1129.9746761177425,48.03376712208998,11.678531063486805,7212,31524,285
cloud_stress,1,20290911,diu_no_forecast,0.020466304116160336,0.01614706884241047,0.12038631653288598,0.012098965067599448,1.0,19.011940838529384,151,137,14,1109.640582908762,1017.6023119092915,92.0382709994708,11.939770388624812,6924,31381,282
cloud_stress,1,20290911,diu_no_resources,0.021384020007062594,0.017182409954037154,0.11569935608770082,0.014715189828279086,1.0,20.36178544674269,151,144,7,1165.6052551080102,1133.5696330580133,32.035622049996874,11.0,7500,30804,282
cloud_stress,2,20290912,diu_full,0.020592714708262322,0.01645595058822363,0.11447711512900163,0.010453543900908312,1.0,20.713790842848073,152,145,7,1172.2191550305813,1124.1803490906905,48.03880593989061,11.678723490867624,7355,30804,281
cloud_stress,2,20290912,diu_no_aging,0.020592714708262322,0.01645595058822363,0.11447711512900163,0.010453543900908312,1.0,20.713790842848073,152,145,7,1172.2191550305813,1124.1803490906905,48.03880593989061,11.678723490867624,7355,30804,281
cloud_stress,2,20290912,diu_no_future_access,0.017594304513991865,0.01464272742008851,0.1150850805592271,0.008210813349713516,1.0,20.53869679894313,147,143,4,1154.1219274375308,1122.0900865656522,32.03184087187901,12.226393733333333,7353,31528,286
cloud_stress,2,20290912,diu_no_forecast,0.020641048431177193,0.016859954445610892,0.12022992255303983,0.009806550523347522,1.0,19.05698230472507,149,136,13,1101.3494453899427,1069.3121120986143,32.037333291328565,12.226393733333333,7210,31434,284
cloud_stress,2,20290912,diu_no_resources,0.020592714708262322,0.01645595058822363,0.11447711512900163,0.010453543900908312,1.0,20.713790842848073,152,145,7,1172.2191550305813,1124.1803490906905,48.03880593989061,11.678723490867624,7355,30804,281
cloud_stress,3,20290913,diu_full,0.02119543258237588,0.016863046460780705,0.11808899972641962,0.009523040502849368,1.0,19.673568078791703,149,137,12,1108.2193386372849,1016.1835271448275,92.03581149245764,14.392937542804761,6633,31961,284
cloud_stress,3,20290913,diu_no_aging,0.02119543258237588,0.016863046460780705,0.11808899972641962,0.009523040502849368,1.0,19.673568078791703,149,137,12,1108.2193386372849,1016.1835271448275,92.03581149245764,14.392937542804761,6633,31961,284
cloud_stress,3,20290913,diu_no_future_access,0.022511937748776373,0.0178200056635161,0.11397719824603521,0.015456385754435439,1.0,20.85776690514238,148,145,3,1171.3402270119614,1131.308338674638,40.03188833732365,11.952457266302522,7210,31528,285
cloud_stress,3,20290913,diu_no_forecast,0.02215077401007799,0.01691955011830122,0.12036136330527546,0.01604640621715401,1.0,19.019127368081204,149,137,12,1108.6922046976954,1016.65434899295,92.03785570474587,14.94050339116544,6636,31957,284
cloud_stress,3,20290913,diu_no_resources,0.021466619652190252,0.017110439580912525,0.11808899972641962,0.009836525793572607,1.0,19.673568078791703,149,137,12,1108.818129473179,1016.7823179807214,92.03581149245764,14.392937542804761,6633,31961,284
cloud_stress,4,20290914,diu_full,0.021165471083188014,0.01697996099707761,0.1146516630094449,0.028823443278601275,0.9965277777777778,20.663521053280412,149,146,3,1181.7855505342238,1133.7463759118918,48.03917462233213,11.678521525957947,7212,31380,284
cloud_stress,4,20290914,diu_no_aging,0.021165471083188014,0.01697996099707761,0.1146516630094449,0.028823443278601275,0.9965277777777778,20.663521053280412,149,146,3,1181.7855505342238,1133.7463759118918,48.03917462233213,11.678521525957947,7212,31380,284
cloud_stress,4,20290914,diu_no_future_access,0.02146027532989039,0.01789439677079689,0.11377544021286605,0.010552550788115822,1.0,20.91587321869512,149,146,3,1178.2951083624023,1130.259971220782,48.03513714162086,11.678596210547529,7354,31292,284
cloud_stress,4,20290914,diu_no_forecast,0.018589046431246987,0.01533876692288861,0.11887086477782773,0.006256388714067947,1.0,19.44839094398616,148,138,10,1118.1671805260037,1078.1287318463433,40.03844867966026,11.952456491921339,7211,31579,285
cloud_stress,4,20290914,diu_no_resources,0.021165471083188014,0.01697996099707761,0.1146516630094449,0.028823443278601275,0.9965277777777778,20.663521053280412,149,146,3,1181.7855505342238,1133.7463759118918,48.03917462233213,11.678521525957947,7212,31380,284
cloud_stress,5,20290915,diu_full,0.02047700963779956,0.015602881874345245,0.11580793334138868,0.03146105414262892,0.9965277777777778,20.330515197680594,148,144,4,1165.6018749567165,1125.5653701012588,40.03650485545836,11.95258320281998,7211,31524,285
cloud_stress,5,20290915,diu_no_aging,0.02047700963779956,0.015602881874345245,0.11580793334138868,0.03146105414262892,0.9965277777777778,20.330515197680594,148,144,4,1165.6018749567165,1125.5653701012588,40.03650485545836,11.95258320281998,7211,31524,285
cloud_stress,5,20290915,diu_no_future_access,0.021456664334991212,0.017326139252812955,0.11487636949104228,0.011315491166048979,1.0,20.598805586580355,150,144,6,1162.0935229153608,1130.061123882942,32.03239903241855,11.0,7068,31380,283
cloud_stress,5,20290915,diu_no_forecast,0.018345027586893246,0.013401017696598646,0.1163866106908438,0.009964272716590707,1.0,20.163856121037515,152,144,8,1165.1500315430544,1125.1098588381392,40.040172704915136,11.952456491921339,7501,30661,281
cloud_stress,5,20290915,diu_no_resources,0.02040298066347989,0.015514314140702081,0.1154648948687142,0.030982204148991103,0.9965277777777778,20.429310277810846,148,144,4,1165.983287969781,1125.9467846852026,40.036503284579254,11.95258320281998,7211,31524,285
cloud_stress,6,20290916,diu_full,0.0187123396004194,0.01511996124510235,0.11435698674551557,0.022546164984893573,1.0,20.748387817292056,156,146,10,1181.2831283543226,1133.2448426338428,48.038285720479564,11.678515647259047,7498,30186,277
cloud_stress,6,20290916,diu_no_aging,0.0187123396004194,0.01511996124510235,0.11435698674551557,0.022546164984893573,1.0,20.748387817292056,156,146,10,1181.2831283543226,1133.2448426338428,48.038285720479564,11.678515647259047,7498,30186,277
cloud_stress,6,20290916,diu_no_future_access,0.019262076204846074,0.01586239292994864,0.11336924811207731,0.011667816012063889,1.0,21.03285654372226,150,146,4,1180.0382153321068,1132.0043011951345,48.033914136972356,11.678660632569025,7500,31051,283
cloud_stress,6,20290916,diu_no_forecast,0.016369457236125314,0.01327623238941935,0.11551334009629786,0.00942636096773745,1.0,20.415358052266747,157,144,13,1164.819037440794,1132.7809392524944,32.038098188299955,11.0,7354,30288,276
cloud_stress,6,20290916,diu_no_resources,0.01867373046129628,0.015238641873348157,0.11435698674551557,0.02226882897324019,1.0,20.748387817292056,156,146,10,1181.3706737189332,1133.3321317248103,48.03854199412237,11.678515647259047,7498,30186,277
cloud_stress,7,20290917,diu_full,0.016998136944822835,0.013861128123685307,0.11501043015281882,0.011274558351117233,1.0,20.560196115988713,148,144,4,1165.3223232251746,1133.286230120897,32.03609310427737,12.226393733333333,7210,31524,285
cloud_stress,7,20290917,diu_no_aging,0.016998136944822835,0.013861128123685307,0.11501043015281882,0.011274558351117233,1.0,20.560196115988713,148,144,4,1165.3223232251746,1133.286230120897,32.03609310427737,12.226393733333333,7210,31524,285
cloud_stress,7,20290917,diu_no_future_access,0.019655224988616913,0.016357655501106523,0.11485697732511843,0.012856770299193961,1.0,20.604390530366427,148,144,4,1162.3775633029888,1130.3455634565569,32.031999846431674,12.226393733333333,7354,31380,285
cloud_stress,7,20290917,diu_no_forecast,0.014716218179942994,0.01199739939512341,0.11545742902237593,0.005259017708378442,1.0,20.43146044155626,153,145,8,1173.9811012967634,1133.942158136404,40.03894316035884,11.952660732036739,7356,30712,280
cloud_stress,7,20290917,diu_no_resources,0.018015565974037077,0.014634052549956996,0.11497824767391845,0.010808891224652534,1.0,20.569464669912016,150,144,6,1165.704073826528,1133.6672197688558,32.0368540576725,11.0,7353,31094,283
cloud_stress,8,20290918,diu_full,0.020402658648853385,0.01671303241609926,0.11969058078647403,0.011075350058631805,1.0,19.21231273349603,148,137,11,1110.1139165729246,1078.0770495809898,32.03686699193494,11.0,6925,31864,285
cloud_stress,8,20290918,diu_no_aging,0.020402658648853385,0.01671303241609926,0.11969058078647403,0.011075350058631805,1.0,19.21231273349603,148,137,11,1110.1139165729246,1078.0770495809898,32.03686699193494,11.0,6925,31864,285
cloud_stress,8,20290918,diu_no_future_access,0.021018422673349562,0.01753744822239877,0.11461294384459,0.010800947063558823,1.0,20.674672172758612,149,144,5,1163.1769472936408,1131.147461720531,32.02948557310914,12.226393733333333,7354,31288,284
cloud_stress,8,20290918,diu_no_forecast,0.02101014058744096,0.017555651185116653,0.11975165023731847,0.014465007410613899,1.0,19.194724731652826,149,137,12,1110.17050580252,1018.1326869340201,92.03781886849977,13.16628076853683,6634,32062,284
cloud_stress,8,20290918,diu_no_resources,0.02050732884743928,0.016634952159383577,0.11968988643403906,0.010865393881471952,1.0,19.2125127069973,148,137,11,1110.2578812472307,1078.2212813014103,32.03659994582054,11.0,6925,31864,285
cloud_stress,9,20290919,diu_full,0.02467888858198579,0.020862801716551187,0.12235754599624377,0.013183841620083764,1.0,18.44422675308235,144,129,15,1045.6529816177735,1005.6162360660032,40.03674555177041,11.952456491921339,6488,32875,289
cloud_stress,9,20290919,diu_no_aging,0.02467888858198579,0.020862801716551187,0.12235754599624377,0.013183841620083764,1.0,18.44422675308235,144,129,15,1045.6529816177735,1005.6162360660032,40.03674555177041,11.952456491921339,6488,32875,289
cloud_stress,9,20290919,diu_no_future_access,0.022546022197901236,0.01804007877461357,0.11393540681817689,0.02592843969970416,0.9965277777777778,20.869802836365583,152,145,7,1169.202967431536,1129.1704245867732,40.03254284476357,11.952457266302522,7500,30662,281
cloud_stress,9,20290919,diu_no_forecast,0.02388789352461285,0.020009258904072284,0.11963323645941222,0.01216068334481509,1.0,19.22882789968983,152,135,17,1094.0752961092037,1002.0378015870623,92.03749452214105,13.714213464921476,6922,31289,281
cloud_stress,9,20290919,diu_no_resources,0.02508399209828455,0.02134308032078688,0.12239746943908784,0.013360928978642798,1.0,18.43272880154326,143,129,14,1046.0663109153484,1006.0292601810306,40.03705073431783,11.952456491921339,6488,33020,290
cloud_stress,10,20290920,diu_full,0.021999402453343614,0.018962027828809503,0.11880015106486314,0.011971507797418823,1.0,19.46875649331996,148,136,12,1102.2585775665054,1070.2216125602174,32.03696500628776,11.0,6923,31815,285
cloud_stress,10,20290920,diu_no_aging,0.021999402453343614,0.018962027828809503,0.11880015106486314,0.011971507797418823,1.0,19.46875649331996,148,136,12,1102.2585775665054,1070.2216125602174,32.03696500628776,11.0,6923,31815,285
cloud_stress,10,20290920,diu_no_future_access,0.02201637712347428,0.018233541359960463,0.1146719020041193,0.015817341056873536,1.0,20.657692222814177,151,144,7,1161.8404745555147,1129.8082788452707,32.03219571024317,11.0,7068,31237,282
cloud_stress,10,20290920,diu_no_forecast,0.019203623914061926,0.016134360792693106,0.12348246775169867,0.012885736954896174,1.0,18.120249287511342,143,129,14,1046.518393971066,954.4812565245256,92.03713744654024,14.940510054929913,6489,32968,290
cloud_stress,10,20290920,diu_no_resources,0.021999402453343614,0.018962027828809503,0.11880015106486314,0.011971507797418823,1.0,19.46875649331996,148,136,12,1102.2585775665054,1070.2216125602174,32.03696500628776,11.0,6923,31815,285
cloud_stress,11,20290921,diu_full,0.020612911293938965,0.01710879771593569,0.11868878415868751,0.011812976976165835,1.0,19.500830162298538,146,137,9,1109.664575866262,1069.6273403997932,40.03723546646933,11.952486363465932,7211,31813,287
cloud_stress,11,20290921,diu_no_aging,0.020612911293938965,0.01710879771593569,0.11868878415868751,0.011812976976165835,1.0,19.500830162298538,146,137,9,1109.664575866262,1069.6273403997932,40.03723546646933,11.952486363465932,7211,31813,287
cloud_stress,11,20290921,diu_no_future_access,0.029004731742991847,0.019245326262693215,0.11370968968398937,0.03860051593317687,0.9965277777777778,20.9348093710116,150,146,4,1179.0718436211978,1131.0384979324976,48.03334568870018,11.678602609943983,7497,31003,283
cloud_stress,11,20290921,diu_no_forecast,0.020876392171957792,0.01669678574225032,0.11609482138188773,0.013700035942018463,1.0,20.247891442016865,156,143,13,1157.5127425172905,1065.4741524308179,92.03859008647245,12.213818200058002,7355,30229,277
cloud_stress,11,20290921,diu_no_resources,0.020612911293938965,0.01710879771593569,0.11868878415868751,0.011812976976165835,1.0,19.500830162298538,146,137,9,1109.664575866262,1069.6273403997932,40.03723546646933,11.952486363465932,7211,31813,287
cloud_stress,12,20290922,diu_full,0.022642964876162245,0.018797918007602044,0.11377364148433461,0.012990441021096363,1.0,20.916391252512163,150,146,4,1182.1762368641148,1134.1365609955812,48.03967586853371,11.678541429573029,7499,30948,283
cloud_stress,12,20290922,diu_no_aging,0.022642964876162245,0.018797918007602044,0.11377364148433461,0.012990441021096363,1.0,20.916391252512163,150,146,4,1182.1762368641148,1134.1365609955812,48.03967586853371,11.678541429573029,7499,30948,283
cloud_stress,12,20290922,diu_no_future_access,0.024337646749273485,0.020313081144389487,0.11482321451596518,0.015204320131100228,1.0,20.61411421940256,149,144,5,1160.7006404179253,1128.6686228816375,32.03201753628838,12.226393733333333,7355,31236,284
cloud_stress,12,20290922,diu_no_forecast,0.02124724319674661,0.017068321649892495,0.11585933890486981,0.008135895136302723,1.0,20.31571039539802,153,144,9,1166.2309141830144,1134.1927570000664,32.0381571829478,12.226393733333333,7501,30515,280
cloud_stress,12,20290922,diu_no_resources,0.022642964876162245,0.018797918007602044,0.11377364148433461,0.012990441021096363,1.0,20.916391252512163,150,146,4,1182.1762368641148,1134.1365609955812,48.03967586853371,11.678541429573029,7499,30948,283
cloud_stress,13,20290923,diu_full,0.01980864557372062,0.016280409071879515,0.11450440609331733,0.014791180204268194,1.0,20.705931045125137,151,145,6,1173.644244456105,1133.606787850952,40.03745660515362,11.952484055927275,7499,30805,282
cloud_stress,13,20290923,diu_no_aging,0.01980864557372062,0.016280409071879515,0.11450440609331733,0.014791180204268194,1.0,20.705931045125137,151,145,6,1173.644244456105,1133.606787850952,40.03745660515362,11.952484055927275,7499,30805,282
cloud_stress,13,20290923,diu_no_future_access,0.021365024948186064,0.01746142527330666,0.11419547116931887,0.011858794427160861,1.0,20.794904303236695,147,145,2,1170.2613848407375,1130.2305824277414,40.03080241299648,11.95259177334698,7209,31672,286
cloud_stress,13,20290923,diu_no_forecast,0.02016857275325594,0.016201134118454783,0.122726204319413,0.007370246484373153,1.0,18.338053156009614,147,129,18,1045.9682330088635,953.9304091160511,92.03782389281264,13.166410616596158,6635,32348,286
cloud_stress,13,20290923,diu_no_resources,0.01980864557372062,0.016280409071879515,0.11450440609331733,0.014791180204268194,1.0,20.705931045125137,151,145,6,1173.644244456105,1133.606787850952,40.03745660515362,11.952484055927275,7499,30805,282
cloud_stress,14,20290924,diu_full,0.01941603694853359,0.016088207190894727,0.11864361157461564,0.010167739126037904,1.0,19.513839866511237,144,138,6,1118.3032789786582,1078.26462383138,40.03865514727852,11.952476513581662,7212,32153,289
cloud_stress,14,20290924,diu_no_aging,0.01941603694853359,0.016088207190894727,0.11864361157461564,0.010167739126037904,1.0,19.513839866511237,144,138,6,1118.3032789786582,1078.26462383138,40.03865514727852,11.952476513581662,7212,32153,289
cloud_stress,14,20290924,diu_no_future_access,0.02084713622157276,0.01643065249151456,0.11717969034465774,0.03250673386107293,0.9965277777777778,19.93544918073912,147,139,8,1121.4598205772675,1073.4235550274648,48.03626554980328,11.678527959083603,7212,31721,286
cloud_stress,14,20290924,diu_no_forecast,0.019649540544030134,0.015368129337300149,0.12187543793531362,0.014128877463226596,1.0,18.583073874630237,140,131,9,1061.6992288510876,1021.6602680840116,40.03896076707643,11.952456491921339,6633,33308,293
cloud_stress,14,20290924,diu_no_resources,0.01941603694853359,0.016088207190894727,0.11864361157461564,0.010167739126037904,1.0,19.513839866511237,144,138,6,1118.3032789786582,1078.26462383138,40.03865514727852,11.952476513581662,7212,32153,289
cloud_stress,15,20290925,diu_full,0.017795721276005882,0.014146231723066612,0.11592585882163554,0.01043910763421202,1.0,20.296552659369496,151,144,7,1165.6850433837299,1133.6486739596514,32.03636942407822,12.226393733333333,7500,30856,282
cloud_stress,15,20290925,diu_no_aging,0.017769906388517043,0.014076983891682616,0.11626955813097793,0.010371547117777007,1.0,20.19756725827888,151,144,7,1165.6859622541774,1133.6486739596514,32.03728829452602,12.226393733333333,7500,30856,282
cloud_stress,15,20290925,diu_no_future_access,0.019070376611812108,0.015346393578848852,0.11466824190743861,0.014747179617862118,1.0,20.65874633065821,150,144,6,1162.8716745310223,1130.8375215319138,32.03415299910806,11.0,7356,31144,283
cloud_stress,15,20290925,diu_no_forecast,0.01759602348731715,0.01360502749430894,0.12295013568999506,0.00961152028992875,1.0,18.27356092128198,146,130,16,1054.0620972575105,962.0247809448366,92.03731631267387,14.392608085508328,6635,32441,287
cloud_stress,15,20290925,diu_no_resources,0.018145593444552393,0.014492696257033996,0.11592585882163554,0.010882289146368632,1.0,20.296552659369496,151,144,7,1165.685031584506,1133.6486739596514,32.03635762485435,12.226393733333333,7500,30856,282
cloud_stress,16,20290926,diu_full,0.020276626688368292,0.016847762829627348,0.11551547652219647,0.009607608406098981,1.0,20.414742761607943,151,144,7,1166.6603675495483,1134.6240738682359,32.0362936813122,11.0,7209,31198,282
cloud_stress,16,20290926,diu_no_aging,0.020276626688368292,0.016847762829627348,0.11551547652219647,0.009607608406098981,1.0,20.414742761607943,151,144,7,1166.6603675495483,1134.6240738682359,32.0362936813122,11.0,7209,31198,282
cloud_stress,16,20290926,diu_no_future_access,0.021572815066410927,0.017732354365924442,0.1135587676517006,0.021759553999930563,1.0,20.978274916310767,149,146,3,1177.0402708837676,1129.0060721338418,48.03419874992635,11.678534362761882,7211,31432,284
cloud_stress,16,20290926,diu_no_forecast,0.02207933270528967,0.018491273735453135,0.11978276834531242,0.011468106028969312,1.0,19.185762716550553,149,137,12,1109.9845623451226,1077.9474817993514,32.037080545770976,11.0,7065,31630,284
cloud_stress,16,20290926,diu_no_resources,0.020276626688368292,0.016847762829627348,0.11551547652219647,0.009607608406098981,1.0,20.414742761607943,151,144,7,1166.6603675495483,1134.6240738682359,32.0362936813122,11.0,7209,31198,282
cloud_stress,17,20290927,diu_full,0.019075227469610528,0.014631840449984954,0.11848138342938043,0.011945646558008378,1.0,19.56056157233898,147,137,10,1109.6014705183359,1017.5650496071452,92.03642091119079,14.666693657464295,6777,32104,286
cloud_stress,17,20290927,diu_no_aging,0.019075227469610528,0.014631840449984954,0.11848138342938043,0.011945646558008378,1.0,19.56056157233898,147,137,10,1109.6014705183359,1017.5650496071452,92.03642091119079,14.666693657464295,6777,32104,286
cloud_stress,17,20290927,diu_no_future_access,0.018728678745460546,0.014231136909105095,0.11465498823171205,0.01307015345391482,1.0,20.662563389267458,147,144,3,1163.2970239826525,1131.2667532060561,32.03027077659634,11.0,7212,31668,286
cloud_stress,17,20290927,diu_no_forecast,0.021420403286387668,0.017314476076963112,0.11914711101508714,0.008004222848596183,1.0,19.368832027655458,146,137,9,1109.7345067145768,1077.6963231571708,32.03818355740569,12.226393733333333,6920,32207,287
cloud_stress,17,20290927,diu_no_resources,0.019075227469610528,0.014631840449984954,0.11848138342938043,0.011945646558008378,1.0,19.56056157233898,147,137,10,1109.6014705183359,1017.5650496071452,92.03642091119079,14.666693657464295,6777,32104,286
cloud_stress,18,20290928,diu_full,0.019824695721488123,0.015278624465301803,0.11705787647191615,0.021346513638630955,1.0,19.970531576088696,149,139,10,1123.9984996919077,1075.9585600860685,48.0399396058388,11.678619914708314,7212,31381,284
cloud_stress,18,20290928,diu_no_aging,0.019824695721488123,0.015278624465301803,0.11705787647191615,0.021346513638630955,1.0,19.970531576088696,149,139,10,1123.9984996919077,1075.9585600860685,48.0399396058388,11.678619914708314,7212,31381,284
cloud_stress,18,20290928,diu_no_future_access,0.01921064027627479,0.014709648739390025,0.11452221235172683,0.027432428416754372,0.9965277777777778,20.700802842703208,153,144,9,1161.2125128680036,1069.1816244721385,92.03088839586502,11.940245828215694,7066,30951,280
cloud_stress,18,20290928,diu_no_forecast,0.018916784122444574,0.015008673456899066,0.12203779644637007,0.010659627371911777,1.0,18.53631462344598,146,130,16,1053.3726126803513,961.3350962244675,92.03751645588385,13.714229839921877,6348,32677,287
cloud_stress,18,20290928,diu_no_resources,0.019753645609325368,0.015001317360100038,0.11705787647191615,0.021311144972218317,1.0,19.970531576088696,149,139,10,1125.3639417849624,1077.3248629143757,48.03907887058616,11.678619914708314,7212,31381,284
cloud_stress,19,20290929,diu_full,0.02060373198384998,0.01688376428395215,0.11581492561114039,0.011830262660204717,1.0,20.328501423992098,148,143,5,1157.2369215563735,1125.2015624025444,32.035359153829134,12.226393733333333,7356,31380,285
cloud_stress,19,20290929,diu_no_aging,0.02060373198384998,0.01688376428395215,0.11581492561114039,0.011830262660204717,1.0,20.328501423992098,148,143,5,1157.2369215563735,1125.2015624025444,32.035359153829134,12.226393733333333,7356,31380,285
cloud_stress,19,20290929,diu_no_future_access,0.02130172931183205,0.016486884993196373,0.11342589876549564,0.0184977115897767,1.0,21.016541155537787,148,146,2,1178.6516421916817,1130.6170865331583,48.0345556585236,11.678651142277275,7213,31524,285
cloud_stress,19,20290929,diu_no_forecast,0.018758059091992945,0.015429221000692044,0.11659387847340359,0.012019312968614046,1.0,20.104162999660307,151,142,9,1149.4419896056754,1057.4056769449758,92.03631266069964,14.940631661451704,7212,31092,282
cloud_stress,19,20290929,diu_no_resources,0.02060373198384998,0.01688376428395215,0.11581492561114039,0.011830262660204717,1.0,20.328501423992098,148,143,5,1157.2369215563735,1125.2015624025444,32.035359153829134,12.226393733333333,7356,31380,285
cloud_stress,20,20290930,diu_full,0.018404936486673497,0.015045538980846242,0.11893794485906112,0.008231101258499858,1.0,19.429071880590943,144,137,7,1108.9499864596453,1076.911415113827,32.03857134581811,12.226393733333333,7208,32104,289
cloud_stress,20,20290930,diu_no_aging,0.018404936486673497,0.015045538980846242,0.11893794485906112,0.008231101258499858,1.0,19.429071880590943,144,137,7,1108.9499864596453,1076.911415113827,32.03857134581811,12.226393733333333,7208,32104,289
cloud_stress,20,20290930,diu_no_future_access,0.021289619680496762,0.016972479338949704,0.11734866961153151,0.01770408447605098,1.0,19.886783151879467,144,138,6,1114.618839712909,1074.5836092857228,40.035230427186306,11.952468974219935,6777,32536,289
cloud_stress,20,20290930,diu_no_forecast,0.02016385946135983,0.015725702665027035,0.11823852748026607,0.011761520319413826,1.0,19.63050408568392,147,138,9,1117.3687306409684,1077.3284842253543,40.04024641561391,11.952456491921339,7499,31381,286
cloud_stress,20,20290930,diu_no_resources,0.018404936486673497,0.015045538980846242,0.11893794485906112,0.008231101258499858,1.0,19.429071880590943,144,137,7,1108.9499864596453,1076.911415113827,32.03857134581811,12.226393733333333,7208,32104,289
cloud_stress,21,20290931,diu_full,0.02356583143348738,0.016713444700247205,0.11446323079522654,0.025129491800987572,1.0,20.717789530975285,152,145,7,1172.9949222259233,1124.9569495088804,48.03797271704306,11.67859258599926,7643,30568,281
cloud_stress,21,20290931,diu_no_aging,0.02356583143348738,0.016713444700247205,0.11446323079522654,0.025129491800987572,1.0,20.717789530975285,152,145,7,1172.9949222259233,1124.9569495088804,48.03797271704306,11.67859258599926,7643,30568,281
cloud_stress,21,20290931,diu_no_future_access,0.0205023284035474,0.016846050144037658,0.11453642232830336,0.009903463164270997,1.0,20.696710369449164,149,145,4,1168.2724997666467,1136.238637088522,32.03386267812496,11.952457266302522,7212,31522,284
cloud_stress,21,20290931,diu_no_forecast,0.01941955103905247,0.014920170448598594,0.11842224544325733,0.012203234518715626,1.0,19.577593312342437,148,137,11,1109.796530960566,1077.7587011985574,32.03782976200942,11.0,6921,31868,285
cloud_stress,21,20290931,diu_no_resources,0.02356583143348738,0.016713444700247205,0.11446323079522654,0.025129491800987572,1.0,20.717789530975285,152,145,7,1172.9949222259233,1124.9569495088804,48.03797271704306,11.67859258599926,7643,30568,281
cloud_stress,22,20290932,diu_full,0.020112049683854195,0.016416220290417942,0.11966125035987564,0.010640089833297112,1.0,19.220759896356356,144,136,8,1101.6981259982397,1069.6626427680217,32.035483230218446,11.952456491921339,6924,32441,289
cloud_stress,22,20290932,diu_no_aging,0.020112049683854195,0.016416220290417942,0.11966125035987564,0.010640089833297112,1.0,19.220759896356356,144,136,8,1101.6981259982397,1069.6626427680217,32.035483230218446,11.952456491921339,6924,32441,289
cloud_stress,22,20290932,diu_no_future_access,0.021485305308304205,0.01798516729648338,0.11720839369512978,0.014791138628968394,1.0,19.927182615803176,145,138,7,1114.2225067286863,1066.1876670957627,48.034839632923045,11.678519569433105,6923,32248,288
cloud_stress,22,20290932,diu_no_forecast,0.02186062514477975,0.01790323574232995,0.11528857665425712,0.011349542682759704,1.0,20.480089923574486,152,144,8,1165.7562345883368,1125.7171758394445,40.03905874889291,11.952567081197518,7501,30712,281
cloud_stress,22,20290932,diu_no_resources,0.020112049683854195,0.016416220290417942,0.11966125035987564,0.010640089833297112,1.0,19.220759896356356,144,136,8,1101.6981259982397,1069.6626427680217,32.035483230218446,11.952456491921339,6924,32441,289
cloud_stress,23,20290933,diu_full,0.023557657674772945,0.019408442627700036,0.11559859672993168,0.01478207299363063,1.0,20.390804141780208,150,144,6,1165.4289824541825,1133.393196951938,32.03578550224435,12.226393733333333,7501,30948,283
cloud_stress,23,20290933,diu_no_aging,0.023557657674772945,0.019408442627700036,0.11559859672993168,0.01478207299363063,1.0,20.390804141780208,150,144,6,1165.4289824541825,1133.393196951938,32.03578550224435,12.226393733333333,7501,30948,283
cloud_stress,23,20290933,diu_no_future_access,0.02467836944899239,0.020650270652682177,0.11352018596553358,0.022576792514914047,1.0,20.989386441926868,149,146,3,1179.2278042032387,1131.1927842109703,48.03501999226847,11.678527699157437,7212,31381,284
cloud_stress,23,20290933,diu_no_forecast,0.027652151118953416,0.021126929190745915,0.12087819063218191,0.0252049849727166,1.0,18.870281097932164,151,135,16,1093.6625824792302,1017.6274192508138,76.03516322841665,12.487731451078664,6923,31379,282
cloud_stress,23,20290933,diu_no_resources,0.023557657674772945,0.019408442627700036,0.11559859672993168,0.01478207299363063,1.0,20.390804141780208,150,144,6,1165.4289824541825,1133.393196951938,32.03578550224435,12.226393733333333,7501,30948,283
