scenario,run_id,seed,planner,rmse,mae,mean_variance,normalized_squared_error,coverage95,information_gain,attempts,successful_observations,failures,generated_mb,downlinked_mb,final_storage_mb,final_battery_wh,energy_rejections,storage_rejections,no_action_decisions
nominal,0,20260910,uniform_random,0.021821705799569522,0.016984616496923264,0.13102826157832162,0.014105240652875325,1.0,15.947060665443948,151,143,8,1155.0538974329556,1063.0224613122273,92.03143612072785,12.488114866441286,7209,31094,282
nominal,0,20260910,static_priority,0.0361081892486844,0.03347638325436572,0.18371425306015746,0.007163984476889522,1.0,0.7734951186753631,149,137,12,1108.9813686001091,1076.9498375788453,32.0315310212645,12.226393733333333,7069,31676,284
nominal,0,20260910,myopic_information,0.027473635184951998,0.022386168824901173,0.11325832203747692,0.017483450275372212,1.0,21.064803253207188,148,146,2,1181.2508412176214,1133.2155762684456,48.035264949175755,11.678516668760501,7354,31380,285
nominal,0,20260910,resource_aware_myopic,0.019933606880664374,0.015419451698786921,0.11477866591907272,0.00859676995194599,1.0,20.62694421530758,147,144,3,1164.5502427815377,1132.5179769395595,32.03226584197796,12.226393733333333,7210,31672,286
nominal,0,20260910,dynamic_information_utility,0.018429625254451,0.015197872748171463,0.11372394334893382,0.008328874452164646,1.0,20.93070431550759,151,146,5,1181.4548824253854,1133.417026473115,48.03785595227099,11.678564699319136,7498,30804,282
nominal,1,20260911,uniform_random,0.02827118445637268,0.02265570873319932,0.12869382563087697,0.014096700198635978,1.0,16.619378218307983,154,145,9,1169.911240769018,1129.8784713847076,40.03276938431052,11.952453838863743,7355,30568,279
nominal,1,20260911,static_priority,0.03994235585470097,0.03628637570080668,0.18393532162884052,0.008683072043687737,1.0,0.7098273708946373,154,144,10,1164.894381720915,1132.8627199141472,32.031661806767886,12.226393733333333,7498,30524,279
nominal,1,20260911,myopic_information,0.028444184190147975,0.02362474178011298,0.11382441649313307,0.014583679562527417,1.0,20.901768049978212,152,145,7,1173.3651566968872,1133.3318912013399,40.03326549554689,11.952472370092943,7641,30570,281
nominal,1,20260911,resource_aware_myopic,0.023784736055057244,0.01865760235546131,0.11844668203483821,0.011098817112805503,1.0,19.570555573967134,145,137,8,1106.2277344979452,1014.1963177309115,92.03141676703368,14.940766414325337,6633,32640,288
nominal,1,20260911,dynamic_information_utility,0.024871829023380438,0.020197248176837896,0.1146200488382431,0.012747014877210102,1.0,20.672625934586517,150,144,6,1163.6340063864056,1071.595050508791,92.03895587761501,14.666483155824492,7066,31432,283
nominal,2,20260912,uniform_random,0.02052830391402655,0.01612278686616223,0.1336378799968226,0.008352373559174163,1.0,15.195490560915655,158,143,15,1153.2102888333334,1069.178016736139,84.03227209719394,12.21445396760764,7356,30043,275
nominal,2,20260912,static_priority,0.034627646803650776,0.032257538932570676,0.1839224468949983,0.008197381323751082,1.0,0.7135352942412055,149,145,4,1172.594261223597,1132.561619888509,40.03264133508829,11.952454105510114,7357,31288,284
nominal,2,20260912,myopic_information,0.022329673795884148,0.01889790591259635,0.11455860133267996,0.010723880385634528,1.0,20.690322816188697,148,144,4,1164.0440046933115,1132.011807746299,32.03219694701309,12.226393733333333,7356,31380,285
nominal,2,20260912,resource_aware_myopic,0.01919588510904561,0.015574384668841599,0.11350909945406766,0.009097127530133801,1.0,20.992579357229047,147,146,1,1177.0599395808013,1129.0242826718863,48.0356569089153,11.678520908824513,7209,31670,286
nominal,2,20260912,dynamic_information_utility,0.018502094120142896,0.014812931048414194,0.11494159936280823,0.008470486848486256,1.0,20.580019383511765,150,145,5,1173.4155845889547,1133.3763007048235,40.039283884131194,11.952495299346658,7497,30951,283
nominal,3,20260913,uniform_random,0.021968126202059967,0.01757095004601307,0.13157525200750236,0.008422210194528056,1.0,15.7895274218399,145,138,7,1115.6974793275297,1075.662677591778,40.03480173575142,11.952453838863743,6920,32248,288
nominal,3,20260913,static_priority,0.03772415777148596,0.03523468368057825,0.18429980051897774,0.008149774248484544,1.0,0.6048574505351224,143,137,6,1109.2850032285273,1077.253424352239,32.03157887628856,12.226393733333333,6778,32680,290
nominal,3,20260913,myopic_information,0.02768230078457745,0.02338602062418264,0.11408500080586828,0.014308245282713399,1.0,20.826719767910472,150,145,5,1172.9286055601879,1132.8958252609746,40.03278029921317,11.952484055927275,7212,31289,283
nominal,3,20260913,resource_aware_myopic,0.02309895769164776,0.019286394032089184,0.11462036531851805,0.013807283092667507,1.0,20.67253478826733,152,144,8,1161.4446340248733,1069.4101582554304,92.03447576944299,13.714099429899555,7210,30950,281
nominal,3,20260913,dynamic_information_utility,0.020006193991046303,0.016436571779986205,0.11514372985416631,0.010232460237000817,1.0,20.521805802000635,149,144,5,1165.4286588836737,1133.3909656961478,32.03769318752602,12.226393733333333,7500,31092,284
nominal,4,20260914,uniform_random,0.022791871371933958,0.01878579592649524,0.13244158388008792,0.01624265697695007,1.0,15.540023842535257,155,144,11,1163.1757523518243,1071.1470907679277,92.02866158389638,12.488042547450318,7355,30372,278
nominal,4,20260914,static_priority,0.030818874706900697,0.027385733365081787,0.184369934197811,0.005294225938921402,1.0,0.5846589510311495,145,137,8,1109.3103032894596,1077.2789956360693,32.0313076533908,12.226393733333333,7065,32103,288
nominal,4,20260914,myopic_information,0.023324396132291716,0.01925761450356761,0.11391901029599857,0.00941292020361247,1.0,20.87452503475294,149,145,4,1172.1049981913561,1132.0710245677938,40.03397362356249,11.952463779253057,7501,31092,284
nominal,4,20260914,resource_aware_myopic,0.01944470596196897,0.01644834779052824,0.11493338850338436,0.007913645045847385,1.0,20.582384111025842,148,144,4,1161.3320970322363,1129.2999813908964,32.0321156413396,12.226393733333333,7353,31382,285
nominal,4,20260914,dynamic_information_utility,0.019860901208776944,0.017267568656152223,0.11456102272275166,0.014872536396434247,1.0,20.68962545584805,147,145,2,1172.7409065693064,1132.7030975395135,40.03780902979268,11.952588553051564,7353,31580,286
nominal,5,20260915,uniform_random,0.021537337719594457,0.01724905581542291,0.1318797733846523,0.008372434071367764,1.0,15.701825265220709,154,144,10,1163.520033031395,1131.4887007803754,32.03133225101999,12.226393733333333,7643,30280,279
nominal,5,20260915,static_priority,0.03379187733794007,0.030061741189955155,0.18404826292251786,0.0076671668127092675,1.0,0.6773002783155613,151,144,7,1164.594055178511,1124.5615065659354,40.032548612576456,11.952454105510114,7501,30856,282
nominal,5,20260915,myopic_information,0.026002129422537323,0.021170042166139713,0.11336065006199941,0.02991153822647235,1.0,21.035332782144707,149,146,3,1180.4696018398822,1132.4356315420741,48.033970297807684,11.678532349025238,7211,31380,284
nominal,5,20260915,resource_aware_myopic,0.019587449514712533,0.015792873790177856,0.11471931327194142,0.014107709584309878,1.0,20.6440377776814,148,144,4,1163.793679533581,1131.7606332362868,32.03304629729443,11.0,7353,31384,285
nominal,5,20260915,dynamic_information_utility,0.018821436044531632,0.015061260995697169,0.11467972497215101,0.01160937681027124,1.0,20.655439208021047,147,144,3,1165.26441633709,1133.2270271431437,32.03738919394631,12.226393733333333,7212,31668,286
nominal,6,20260916,uniform_random,0.026563497826132907,0.021743353131527265,0.13004331850923234,0.013726855553290417,1.0,16.230724269341646,154,144,10,1164.227979511525,1132.1956498333457,32.032329678180105,11.0,7642,30228,279
nominal,6,20260916,static_priority,0.03573324699049547,0.03290514025807361,0.1842917587110935,0.0070146871529557925,1.0,0.6071734912057858,151,144,7,1164.5023516994247,1132.470591313776,32.03176038564905,12.226393733333333,7354,31000,282
nominal,6,20260916,myopic_information,0.026904860535942078,0.0219662261669908,0.1149459081661886,0.01448776985088142,1.0,20.578778448138213,150,143,7,1156.4287490966087,1124.3959573559096,32.03279174069955,11.0,7354,31092,283
nominal,6,20260916,resource_aware_myopic,0.023002735042733865,0.01935112311305915,0.11439292526940771,0.014038194499106819,1.0,20.7380375224111,149,145,4,1168.4480331722355,1128.4152217374603,40.03281143477524,11.952457266302522,7209,31383,284
nominal,6,20260916,dynamic_information_utility,0.01831516432007088,0.014495031755718825,0.11452246128424262,0.008429149708733773,1.0,20.700731150138655,146,145,1,1172.8605881340702,1132.8238869878246,40.03670114624606,11.952567081197518,7209,31816,287
nominal,7,20260917,uniform_random,0.017623977349840707,0.015232273516395016,0.13086764448922758,0.012042166456222534,1.0,15.993318387103029,151,146,5,1178.3460310566402,1130.3140963428232,48.03193471381768,11.678654898030986,7354,31051,282
nominal,7,20260917,static_priority,0.032747687853463006,0.03143547808545451,0.184279726137722,0.006128250418173413,1.0,0.6106388723367746,146,137,9,1109.28524392138,1077.253798052197,32.03144586918363,12.226393733333333,7068,31957,287
nominal,7,20260917,myopic_information,0.02230327071991123,0.018903281822640887,0.11392362600039485,0.013806883353373033,1.0,20.87319571188681,146,145,1,1172.7556023576199,1132.7227056353695,40.03289672225012,11.952464264008247,7209,31816,287
nominal,7,20260917,resource_aware_myopic,0.015524561998628188,0.012939441188771468,0.11482699246557687,0.005711726279430815,1.0,20.613026169914388,150,144,6,1163.4346538660288,1131.403385199702,32.03126866632752,12.226393733333333,7357,31144,283
nominal,7,20260917,dynamic_information_utility,0.016162195371502344,0.013068303683774062,0.11360472792478417,0.011193434679294725,1.0,20.965038357662692,152,146,6,1181.698055178943,1133.6582284677827,48.03982671116047,11.678553137490441,7213,31051,281
nominal,8,20260918,uniform_random,0.02168271810541275,0.017919737227448863,0.13366045961491613,0.008940795651161888,1.0,15.188987630904737,152,144,8,1162.8557382137549,1130.825093157037,32.0306450567182,12.226393733333333,7357,30855,281
nominal,8,20260918,static_priority,0.03202546372218773,0.030235730822236812,0.1836435168958493,0.005912154049800366,1.0,0.793867133996116,151,144,7,1165.2148018841267,1133.1832212628751,32.03158062125196,12.226393733333333,7353,31054,282
nominal,8,20260918,myopic_information,0.02438478359827997,0.0201341430302576,0.11425902332988308,0.01940451542615036,1.0,20.776601280994203,147,145,2,1172.3927015035404,1132.3599051948522,40.032796308688575,11.952455167023832,7353,31580,286
nominal,8,20260918,resource_aware_myopic,0.02104287729294768,0.014709548397411981,0.11421605689132511,0.018386281841432362,1.0,20.78897561529889,151,145,6,1169.5721188903692,1129.53890229008,40.033216600289464,11.952457266302522,7354,31002,282
nominal,8,20260918,dynamic_information_utility,0.014412168051822077,0.011236016233684691,0.11533923277053236,0.004752649458129601,1.0,20.465500962087212,148,144,4,1166.7028583652993,1134.667130248611,32.03572811668806,12.226393733333333,7355,31380,285
nominal,9,20260919,uniform_random,0.025707697902658776,0.02132764479531688,0.13326111322576384,0.024807327531755553,0.9965277777777778,15.30399939098058,147,139,8,1121.4678968411756,1073.4320962084696,48.03580063270582,11.678521810335582,6922,32063,286
nominal,9,20260919,static_priority,0.03964619736174177,0.037507050595418596,0.18426883434911187,0.011774507765707983,1.0,0.6137757074564896,149,138,11,1117.2630742632691,1077.2304404444255,40.03263381884404,11.952454105510114,6920,31669,284
nominal,9,20260919,myopic_information,0.02743437172337109,0.023590769348549565,0.11409136550194329,0.017808682259826132,1.0,20.82488673544086,147,145,2,1173.727281212632,1133.6941887528033,40.03309245982852,11.952479866348071,7209,31670,286
nominal,9,20260919,resource_aware_myopic,0.02117957483077055,0.017638402695031037,0.11360760783632479,0.011717949485855299,1.0,20.96420894313899,152,146,6,1179.948196291324,1131.9132456543082,48.0349506370154,11.678520908824513,7498,30714,281
nominal,9,20260919,dynamic_information_utility,0.019904198981520647,0.0162989998252701,0.11373233755859263,0.012066256099959963,1.0,20.928286783125856,152,146,6,1181.9708451064828,1133.9317554618242,48.03908964465843,11.678601073189416,7212,31000,281
nominal,10,20260920,uniform_random,0.019721500282095922,0.016003947454914635,0.13082840066479698,0.007899342212830502,1.0,16.00462060853904,149,144,5,1164.8071485064906,1132.7758542855258,32.031294220964654,11.0,7065,31526,284
nominal,10,20260920,static_priority,0.030239674103473255,0.027727060699879395,0.18426312688038848,0.005779477225144342,1.0,0.6154194584488297,154,146,8,1180.4987289390524,1132.4652126315414,48.03351630751128,11.678514457760325,7501,30425,279
nominal,10,20260920,myopic_information,0.021290033049775624,0.018079634897947745,0.11528004288276644,0.015431239562089376,1.0,20.482547649763795,153,143,10,1155.327554868438,1123.2962474146818,32.03130745375597,11.0,7067,31000,280
nominal,10,20260920,resource_aware_myopic,0.013867431428409346,0.011039114008312803,0.11405703027240285,0.009429883266274782,1.0,20.834775281548513,149,145,4,1172.5350121333047,1132.5015775041666,40.033434629138625,11.952457266302522,7353,31238,284
nominal,10,20260920,dynamic_information_utility,0.017870783242914676,0.014326495752373207,0.1152670645011451,0.015016764701507408,1.0,20.486285423670743,151,144,7,1165.4557610115382,1133.418766563961,32.036994447576745,12.226393733333333,7355,30948,282
nominal,11,20260921,uniform_random,0.026820019572772965,0.02235680872286194,0.1351413164514109,0.022759431330343558,1.0,14.762500861994244,148,137,11,1108.4749479292855,1076.4472974570108,32.027650472274644,12.226393733333333,7067,31771,285
nominal,11,20260921,static_priority,0.03414840134062223,0.031111447782646906,0.18392296938842062,0.006735461079370004,1.0,0.7133848161355693,151,144,7,1164.5459114360306,1132.5145268533684,32.031384582662355,12.226393733333333,7500,30857,282
nominal,11,20260921,myopic_information,0.028739631039029302,0.02418844899337886,0.11482771801972039,0.02717098250112589,1.0,20.612817210321065,148,144,4,1165.3842802264135,1073.353490910691,92.03078931572233,14.666619124683258,7065,31672,285
nominal,11,20260921,resource_aware_myopic,0.02130461528635731,0.017578842963506064,0.11425227084453127,0.01864891367355083,1.0,20.778545996775524,148,145,3,1170.2730983595432,1130.2395913992036,40.03350696033995,11.952457266302522,7354,31384,285
nominal,11,20260921,dynamic_information_utility,0.021216513016213943,0.01646506490103618,0.11492580335732742,0.015446286364885755,1.0,20.58456863309023,150,145,5,1173.1037345375935,1133.0652354029207,40.038499134673486,11.952495299346658,7498,30950,283
nominal,12,20260922,uniform_random,0.027062574330476766,0.021686711490611445,0.12782715939043618,0.011090893141971418,1.0,16.868978095554954,150,146,4,1181.2163660943274,1133.1840306434474,48.03233545088039,11.678579427815292,7500,31000,283
nominal,12,20260922,static_priority,0.03994294170372669,0.03670471678026725,0.18395900614253155,0.008721926874785658,1.0,0.7030062309516294,155,140,15,1132.5837736735996,1072.555347779311,60.028425894288816,12.357033632910877,7211,30568,278
nominal,12,20260922,myopic_information,0.029673874622695617,0.024836152215573785,0.11418891240836432,0.014050410087813095,1.0,20.796793226391603,147,145,2,1172.8649897510882,1132.8308823544958,40.034107396592155,11.952486363465932,7353,31528,286
nominal,12,20260922,resource_aware_myopic,0.024941756754097814,0.019364511350572086,0.11427205156723819,0.015687189077041704,1.0,20.772849148635935,150,145,5,1171.104682893626,1131.0710906862143,40.03359220741153,11.952457266302522,7354,31147,283
nominal,12,20260922,dynamic_information_utility,0.023678021274949383,0.01861643915449319,0.11476200979820311,0.016360287809541893,1.0,20.63174117811803,151,144,7,1166.0252561494233,1073.9883966820125,92.03685946741074,14.666690813538006,7066,31289,282
nominal,13,20260923,uniform_random,0.02341125383092646,0.019704630352274648,0.13414801136201515,0.01097064499598207,1.0,15.048572727740204,146,137,9,1108.3248745216188,1076.295431767385,32.029442754234196,12.226393733333333,6921,32207,287
nominal,13,20260923,static_priority,0.030839505704656406,0.028696801392042323,0.18437120736529347,0.0057821314757678845,1.0,0.5842922787961914,145,137,8,1109.3066731359568,1077.2752912664819,32.03138186947497,11.0,6780,32388,288
nominal,13,20260923,myopic_information,0.02239629064341805,0.01789973489854921,0.11454243772717437,0.009151776573182117,1.0,20.69497793457431,150,144,6,1165.4259002859008,1133.3938375209132,32.032062764987444,12.226393733333333,7357,31092,283
nominal,13,20260923,resource_aware_myopic,0.014959201944664272,0.011930095684340803,0.11511642835016736,0.005707247673590642,1.0,20.52966863515234,151,143,8,1153.9702810005926,1061.936386229872,92.03389477072089,14.118661204572472,7069,31236,282
nominal,13,20260923,dynamic_information_utility,0.0164148939728061,0.013090580512082213,0.11395193051792187,0.015193957503985238,1.0,20.865044010839036,148,146,2,1180.7824655162174,1132.7428838353744,48.03958168084246,11.678590524557944,7497,31240,285
nominal,14,20260924,uniform_random,0.0221798341066251,0.01851613530079591,0.13121051293994887,0.008257002089256924,1.0,15.894572273295296,149,144,5,1163.3151339063907,1123.2852172306775,40.02991667571378,11.95263016847048,7210,31380,284
nominal,14,20260924,static_priority,0.03359846505063184,0.030416871863466692,0.1842705121435611,0.006133539616078832,1.0,0.6132925026551121,151,144,7,1165.3146409298058,1073.2831785776493,92.03146235215635,13.714127484811153,6922,31381,282
nominal,14,20260924,myopic_information,0.025433578301817875,0.021570457004900498,0.11324964172335944,0.01264061200983967,1.0,21.067303183673012,150,146,4,1181.164301897302,1133.1303894159978,48.03391248130317,11.678531736996186,7500,30948,283
nominal,14,20260924,resource_aware_myopic,0.01932456004338031,0.015847195230665138,0.11384332330986359,0.006559223832265105,1.0,20.896322886759815,147,146,1,1179.366794315315,1131.3330971642636,48.03369715105117,11.678520908824513,7209,31672,286
nominal,14,20260924,dynamic_information_utility,0.01618777733411387,0.012599349060640232,0.11405380292387617,0.00984062111874486,1.0,20.835704757924187,151,145,6,1173.699407175994,1133.6599738957052,40.039433280288584,11.95253300092834,7500,30804,282
nominal,15,20260925,uniform_random,0.023193019392041367,0.01977286772256617,0.1329807599955543,0.01028234912931402,1.0,15.384741121280936,150,143,7,1154.2720034998376,1122.2401720437922,32.031831456045495,12.226393733333333,7499,30948,283
nominal,15,20260925,static_priority,0.029048637697890244,0.025597334391313706,0.18427268510136752,0.00459417229952928,1.0,0.6126666908068639,149,143,6,1157.3060684852605,1125.274279353494,32.0317891317668,12.226393733333333,7357,31237,284
nominal,15,20260925,myopic_information,0.02498096517527618,0.020230704514253232,0.11335139669446852,0.04195920791696914,0.9965277777777778,21.037997751993608,147,146,1,1180.3910459560163,1132.3561554287544,48.03489052726152,11.678537616406157,7209,31672,286
nominal,15,20260925,resource_aware_myopic,0.019217459410624613,0.01561408496825889,0.11542382075387346,0.010039483718699636,1.0,20.441139622884975,150,143,7,1153.1950692320577,1121.163701153631,32.03136807842648,11.0,7068,31380,283
nominal,15,20260925,dynamic_information_utility,0.01609047208337112,0.01296152507145549,0.1147593144364684,0.008332589074196919,1.0,20.63251744229763,148,144,4,1165.47410581472,1133.4373126794976,32.03679313522281,11.0,7065,31673,285
nominal,16,20260926,uniform_random,0.025658982423875976,0.019323320156070602,0.1327983891267227,0.010895430528072089,1.0,15.437263931504443,151,144,7,1164.4120326210564,1072.3804385227475,92.03159409830891,14.667437614137373,6922,31432,282
nominal,16,20260926,static_priority,0.03924134871590841,0.03659332500566583,0.18427025940710112,0.008826848312997801,1.0,0.6133652907555907,151,143,8,1157.3229365471182,1073.2927573437066,84.030179203412,12.487715469340774,7356,30948,282
nominal,16,20260926,myopic_information,0.027864328530250403,0.023293111444334238,0.1145501434228436,0.016556821426321824,1.0,20.692758694221588,150,144,6,1164.2287718253,1072.1948436782764,92.03392814702396,13.440120904517329,7066,31382,283
nominal,16,20260926,resource_aware_myopic,0.024185419264246916,0.01856981626022642,0.11480709988130296,0.01399433822254003,1.0,20.618755234185272,150,144,6,1161.4806433111287,1129.4473123576338,32.03333095349555,12.226393733333333,7210,31239,283
nominal,16,20260926,dynamic_information_utility,0.01968111415018644,0.01564475580210969,0.11461931643053364,0.010516289347358947,1.0,20.67283686800685,151,144,7,1165.6390877238885,1133.6030571217598,32.03603060212896,12.226393733333333,7355,30948,282
nominal,17,20260927,uniform_random,0.024425170747695114,0.019612342808404733,0.13348881482682542,0.012536701489862292,1.0,15.238421329874862,145,138,7,1113.8052796050958,1073.7729504237732,40.03232918132281,11.952484055927275,7064,32105,288
nominal,17,20260927,static_priority,0.03806653319011611,0.0366193929041401,0.18405862465186879,0.011045305941450288,1.0,0.6743161002625041,146,136,10,1100.5808892545049,1008.5494362597394,92.03145299476569,13.714127484811153,6778,32300,287
nominal,17,20260927,myopic_information,0.026444775599981978,0.022341183584798217,0.11334682501576832,0.03275354574875482,0.9965277777777778,21.039314395459257,148,146,2,1180.9958809220461,1132.960749339522,48.0351315825243,11.67852588349551,7356,31380,285
nominal,17,20260927,resource_aware_myopic,0.02058497005766251,0.015947585023660144,0.11375832326671113,0.0143661401141299,1.0,20.920802899187727,151,146,5,1177.3480833679077,1129.3134178470877,48.03466552081948,11.678622188426354,7212,31144,282
nominal,17,20260927,dynamic_information_utility,0.020109909703449412,0.016542754959348264,0.11414250842366719,0.010682139049717848,1.0,20.810157573984387,151,145,6,1173.7631841871312,1133.7249223723315,40.03826181479978,11.952660732036739,7357,31001,282
nominal,18,20260928,uniform_random,0.021538956712379126,0.01638665859588798,0.1346131342656549,0.009551224453619216,1.0,14.914617331491945,150,144,6,1163.488562512586,1131.4585931405438,32.029969372042416,11.0,7213,31236,283
nominal,18,20260928,static_priority,0.035213082786688985,0.032477093996191524,0.18427032855950098,0.006801117996217346,1.0,0.6133453748644342,148,144,4,1165.3238492365685,1133.2922411154177,32.03160812115098,12.226393733333333,7209,31529,285
nominal,18,20260928,myopic_information,0.02723383117196687,0.022721558808742773,0.11391629439618159,0.015026096651250594,1.0,20.875307213900232,151,145,6,1173.1356571217086,1133.1027959757112,40.032861145997444,11.952476513581662,7358,30949,282
nominal,18,20260928,resource_aware_myopic,0.02300230298802637,0.01905549554234601,0.11422555538193263,0.011696103331422458,1.0,20.78624005000393,146,145,1,1170.4507612763311,1130.418454694415,40.032306581916615,11.952457266302522,7209,31816,287
nominal,18,20260928,dynamic_information_utility,0.019303775481738873,0.015794980468868052,0.11819560857085538,0.006685420619054101,1.0,19.64286473159419,143,137,6,1109.06377857111,1077.026192336608,32.03758623450189,12.226393733333333,7065,32390,290
nominal,19,20260929,uniform_random,0.020033006227855907,0.016122037150553284,0.1296842550204295,0.009577383603999413,1.0,16.334134554116872,150,144,6,1163.2365836279703,1131.2044374416862,32.03214618628415,12.226393733333333,7212,31339,283
nominal,19,20260929,static_priority,0.030506895944774178,0.028051302804327532,0.18426553803060253,0.005247691103180307,1.0,0.6147250471871877,153,144,9,1164.5052171140944,1132.4737338034226,32.031483310671874,11.0,7500,30568,280
nominal,19,20260929,myopic_information,0.024084552329687835,0.020232030296001166,0.113918636817859,0.028929231934689388,0.9965277777777778,20.874632596457136,148,145,3,1173.3632166234315,1133.328501206151,40.034715417280886,11.95245634272872,7213,31524,285
nominal,19,20260929,resource_aware_myopic,0.017266118035326412,0.013939127968534255,0.11412867110329233,0.007822671432147148,1.0,20.814142722252345,148,145,3,1170.3893187202127,1130.3562218721722,40.033096848040586,11.952457266302522,7213,31524,285
nominal,19,20260929,dynamic_information_utility,0.014191911276151287,0.011329248473767,0.11459215411863467,0.006970070333618655,1.0,20.680659613833754,147,146,1,1180.8432764230317,1132.8049967817833,48.038279641248494,11.67853566891937,7353,31527,286
nominal,20,20260930,uniform_random,0.022180449891026216,0.01732100338287891,0.13697293690456938,0.009469056415636827,1.0,14.234994171484598,143,130,13,1049.9417149649682,957.9102651810324,92.03144978393578,14.667277966684297,6488,32969,290
nominal,20,20260930,static_priority,0.0375635252663371,0.035131679605098075,0.18427392510804264,0.008352140261237534,1.0,0.6123095688844251,150,144,6,1165.3076624793628,1133.2762731682114,32.03138931115177,11.0,7356,31093,283
nominal,20,20260930,myopic_information,0.0279910174523417,0.02331701348031158,0.11396752710723505,0.03030632429740569,0.9965277777777778,20.860552193116835,147,145,2,1173.6473190702748,1133.6140136513102,40.03330541896441,11.678533517743169,7353,31528,286
nominal,20,20260930,resource_aware_myopic,0.021202839846804246,0.01623598063530697,0.11490872913203917,0.013300722652608834,1.0,20.589486009973243,148,144,4,1160.4944744770212,1128.462055046064,32.032419430957475,12.226393733333333,7355,31380,285
nominal,20,20260930,dynamic_information_utility,0.018874955752148422,0.015124457528446406,0.11335906500972458,0.006151345706139435,1.0,21.035789277199854,149,146,3,1181.7066947156413,1133.6681750480939,48.038519667547455,11.6787031124144,7354,31288,284
nominal,21,20260931,uniform_random,0.02234132070611156,0.017618783926898182,0.13461850473840367,0.008451761550349783,1.0,14.913070635340333,151,143,8,1154.9837764217611,1122.9528101091978,32.03096631256301,11.0,7067,31290,282
nominal,21,20260931,static_priority,0.03678726666387747,0.033983378036870016,0.1839982273980059,0.0075056173763917,1.0,0.6917105093750199,146,137,9,1109.4999762014736,1077.4687453454,32.03123085607345,11.0,6776,32299,287
nominal,21,20260931,myopic_information,0.026528674317190536,0.022326543798633598,0.11404719692857945,0.013141457828039679,1.0,20.837607284569646,148,145,3,1172.5929791122376,1132.5591899860256,40.03378912621203,11.952455822278981,7209,31580,285
nominal,21,20260931,resource_aware_myopic,0.0231249384393692,0.018368572801501205,0.1186821963154985,0.01279326581124053,1.0,19.502727461136963,145,137,8,1107.2730302477992,1075.2397908435248,32.03323940427447,11.0,6780,32389,288
nominal,21,20260931,dynamic_information_utility,0.018394054207691014,0.015254296581236108,0.11514372570038252,0.008443571701509096,1.0,20.52180699829037,149,144,5,1165.7293701224996,1133.6930234839047,32.03634663859519,12.226393733333333,7354,31236,284
nominal,22,20260932,uniform_random,0.02312755579420818,0.019579162663025056,0.12904320414695777,0.01890875869463876,1.0,16.518757205676724,150,145,5,1172.5314078204153,1132.5006716356465,40.030736184768045,11.952600598663519,7355,31092,283
nominal,22,20260932,static_priority,0.032036731435074746,0.02943658352012552,0.18367355068836425,0.00592633027293071,1.0,0.7852174017518068,150,137,13,1108.6241261324362,1016.5922390808607,92.03188705157575,13.714127484811153,6781,31772,283
nominal,22,20260932,myopic_information,0.023644983503895625,0.019945074370717093,0.11379831279024548,0.010619769742444234,1.0,20.90928591640984,149,145,4,1172.634964200917,1132.6035084627945,40.03145573812281,11.952497175333999,7354,31236,284
nominal,22,20260932,resource_aware_myopic,0.018092318758772236,0.014725671379958526,0.11490421920117802,0.007356270764314828,1.0,20.59078487006125,148,144,4,1161.0231639383785,1128.9910500833503,32.03211385502841,11.952457266302522,7354,31384,285
nominal,22,20260932,dynamic_information_utility,0.01544221890292326,0.011793589811481613,0.11453267820059687,0.014945466099065559,1.0,20.697788678228637,148,145,3,1173.0799329961571,1133.0419322220796,40.03800077407731,11.952705144497742,7210,31524,285
nominal,23,20260933,uniform_random,0.028962432379242356,0.023765876195332176,0.13567682743782827,0.013935106888809065,1.0,14.608273697906043,149,137,12,1104.5644985942633,1012.5330552644564,92.0314433298063,11.666836103648704,6637,31956,284
nominal,23,20260933,static_priority,0.039436470792325616,0.03752985679489873,0.184307173331895,0.008717979017390073,1.0,0.6027340804149549,143,137,6,1109.2896602575795,1077.2579495356808,32.031710721898705,12.226393733333333,6921,32536,290
nominal,23,20260933,myopic_information,0.027674186449842885,0.022705982346758392,0.11338993272458965,0.010639750472973657,1.0,21.02689937531872,151,146,5,1180.3909596984163,1132.3556143714861,48.035345326929814,11.678522247005684,7353,31003,282
nominal,23,20260933,resource_aware_myopic,0.019818873598385297,0.01615993742046329,0.11502583312128466,0.0073768295735315015,1.0,20.55576006107056,147,144,3,1161.9590986465084,1129.9263863767928,32.0327122697165,12.226393733333333,7353,31527,286
nominal,23,20260933,dynamic_information_utility,0.022616291654356545,0.018177144663939007,0.1144510551121495,0.020671023981101197,1.0,20.721296127701475,149,145,4,1173.0944753408303,1133.0575242487544,40.03695109207604,11.952456491921339,7498,31095,284
battery_stress,0,20270910,uniform_random,0.02347685265706776,0.018856622025898703,0.13878009282327136,0.008574713319160703,1.0,13.714533266898439,122,115,7,929.6601895179721,885.6338028514347,44.0263866665372,6.604625411334261,15258,27284,311
battery_stress,0,20270910,static_priority,0.031113433833329776,0.026663344020927078,0.18428871982751105,0.010724217623307532,1.0,0.6080486896775399,118,114,4,924.4033182906602,872.3761710331404,52.027147257519935,6.881917049210655,15235,27880,315
battery_stress,0,20270910,myopic_information,0.02485565040401059,0.020712815473023276,0.12928949795027067,0.01391421175263275,1.0,16.447824590322625,118,115,3,932.2809206731496,888.2530524810034,44.02786819214579,6.604773286875387,15679,27435,315
battery_stress,0,20270910,resource_aware_myopic,0.020325658904407705,0.015928420499173448,0.13221984230043396,0.010104288446153874,1.0,15.603885417475617,113,108,5,873.5539537326241,821.5245261603334,52.02942757229091,6.881987767329288,13846,29939,320
battery_stress,0,20270910,dynamic_information_utility,0.02210985815008701,0.018516640767293147,0.12891040724866418,0.012358649361397868,1.0,16.557002712385298,120,116,4,941.7133571071539,889.6832945070623,52.030062600091426,6.881978485711513,16117,26710,313
battery_stress,1,20270911,uniform_random,0.019569962827323886,0.015795230188900205,0.13902338482194976,0.006513465377965575,1.0,13.644465171279057,122,112,10,908.6148598337053,880.5911204634324,28.02373937027241,6.050000000000001,14784,27700,311
battery_stress,1,20270911,static_priority,0.030822360074993012,0.02767688152274311,0.18381651638795732,0.0059644093150043416,1.0,0.744043280269006,123,114,9,925.2216220155158,889.1961864158023,36.02543559971382,6.327304092989666,15377,26965,310
battery_stress,1,20270911,myopic_information,0.025177374772059672,0.02075079085527393,0.12882944511253236,0.027012664417168843,1.0,16.580319807591263,116,116,0,941.186900248083,889.1585725997409,52.0283276483421,6.881969088812756,14656,28694,317
battery_stress,1,20270911,resource_aware_myopic,0.025643244207644345,0.016964264240703318,0.1280974233028192,0.030800421502713043,0.9965277777777778,16.791142088788646,121,117,4,945.5789248420647,877.5470154413082,68.03190940075659,6.210132524948925,14566,28066,312
battery_stress,1,20270911,dynamic_information_utility,0.02062981390675078,0.016365184672051534,0.130040253910451,0.034938073287811205,0.9965277777777778,16.231606873790692,119,114,5,924.2783872832533,880.2473751784719,44.031012104781155,6.604714007608076,15050,27870,314
battery_stress,2,20270912,uniform_random,0.025426577888424416,0.020797087434137114,0.14110079672440776,0.012057645810667242,1.0,13.046170543371165,120,116,4,939.0897098823381,887.0652138456487,52.02449603668937,6.882201386148413,15394,27433,313
battery_stress,2,20270912,static_priority,0.03453867419282661,0.031525742580210646,0.18426638525309202,0.0074783366770956195,1.0,0.6144810471102089,121,116,5,941.2144509707739,889.1873037132542,52.027147257519935,6.881917049210655,15233,27398,312
battery_stress,2,20270912,myopic_information,0.024896421891099252,0.019891737549447217,0.12871383058488156,0.009241007311319247,1.0,16.61361679155468,117,116,1,941.5745945391932,889.5450060569215,52.02958848227212,6.881953647589292,14800,28406,316
battery_stress,2,20270912,resource_aware_myopic,0.022924079772620006,0.01829133109804461,0.12949625081212413,0.009505210109989759,1.0,16.38827976610884,116,115,1,930.2009236123658,886.1729425390727,44.02798107329329,6.604627156540594,14565,28785,317
battery_stress,2,20270912,dynamic_information_utility,0.02387149546779687,0.019532224058152237,0.12968337402843766,0.010731425156429561,1.0,16.334388279810533,116,115,1,932.8054294110146,888.7758837826785,44.029545628336194,6.6046086663170085,14503,28847,317
battery_stress,3,20270913,uniform_random,0.028336374168768344,0.023814784326727886,0.14107564138124573,0.012603158999392945,1.0,13.053415282201826,120,113,7,913.349646072624,885.3260398831529,28.02360618947101,6.050000000000001,14854,27922,313
battery_stress,3,20270913,static_priority,0.036549592691271025,0.03368736973997863,0.18398185695444352,0.007813809653879476,1.0,0.6964251971209713,123,115,8,931.917976163108,887.8918077473594,44.02616841574845,6.604608841161889,16214,26279,310
battery_stress,3,20270913,myopic_information,0.029515789137520333,0.02521342591997916,0.12924323648465721,0.019686357296452083,1.0,16.4611478924193,119,115,4,932.7019507713975,888.6734364227204,44.02851434867714,6.60461931649755,16029,26943,314
battery_stress,3,20270913,resource_aware_myopic,0.02412606069544311,0.020071632278904898,0.12886923026023586,0.012099126087135433,1.0,16.56886168505264,116,116,0,938.4461453373995,886.4171598655084,52.02898547189062,6.88194821213233,14565,28785,317
battery_stress,3,20270913,dynamic_information_utility,0.024810647045423042,0.020943522248961476,0.12943784357042215,0.02361261550171201,1.0,16.405101051718997,118,115,3,932.761729762449,880.7302201984575,52.03150956399141,6.8819391938040555,14211,28851,315
battery_stress,4,20270914,uniform_random,0.020375189566877693,0.01673865976504715,0.14392911542441456,0.007944943575129806,1.0,12.231614757769215,115,106,9,859.2121438618966,823.1879276109386,36.02421625095815,6.327695958249031,14132,29365,318
battery_stress,4,20270914,static_priority,0.030742757972976688,0.028717930093191586,0.18391919254669065,0.005799567706173322,1.0,0.7144725465537988,121,114,7,924.7469409389427,872.7197936814231,52.027147257519935,6.881917049210655,15638,27141,312
battery_stress,4,20270914,myopic_information,0.02091702616591301,0.016682871810406633,0.12863522857557116,0.03342930124003481,0.9965277777777778,16.636254170236075,117,116,1,941.9073660376146,889.8763372313554,52.031028806259386,6.881956609066362,14665,28542,316
battery_stress,4,20270914,resource_aware_myopic,0.017158550659374817,0.014463400848831465,0.1302309198228921,0.006486547794188304,1.0,16.176695091007655,118,114,4,921.0572709976237,885.0289517163916,36.02831928123232,6.327305348228888,14709,28353,315
battery_stress,4,20270914,dynamic_information_utility,0.01898491936200257,0.016130278715974184,0.13012364228640452,0.014853492781598872,1.0,16.20759102151608,116,114,2,925.0354991440443,881.0047838155036,44.03071532854068,6.88194745652459,14077,29275,317
battery_stress,5,20270915,uniform_random,0.0174752137096299,0.013935105492187785,0.14143054835915553,0.012482806460483786,1.0,12.95120207256379,119,115,4,931.703742565952,887.6756599284229,44.028082637529,6.604901601974553,14723,28197,314
battery_stress,5,20270915,static_priority,0.026004259914183293,0.02398553567176746,0.18426722444724924,0.003962123267770606,1.0,0.6142393591929338,117,114,3,925.2217608166642,889.1964117643622,36.025349052302026,6.327304092989666,14800,28406,316
battery_stress,5,20270915,myopic_information,0.01987967753716239,0.01696537144867083,0.1286486520553578,0.0073251333300434745,1.0,16.632388208057524,118,116,2,940.3213365055063,888.2920664955108,52.02927000999607,6.882047334521177,15718,27396,315
battery_stress,5,20270915,resource_aware_myopic,0.015976335376489195,0.013359882036784367,0.13003781587643226,0.007824846909088981,1.0,16.232309027588084,118,114,4,921.3841958464293,885.3573230052939,36.02687284113524,6.327305348228888,14712,28353,315
battery_stress,5,20270915,dynamic_information_utility,0.01752333435979478,0.01388106283991726,0.1288841764028804,0.014560531490135043,1.0,16.564557195971016,119,116,3,940.9268176987526,888.8956103106044,52.031207388147635,6.882096074753365,15087,27834,314
battery_stress,6,20270916,uniform_random,0.02540486835820218,0.01982456547883014,0.13712130880251697,0.012204609005717897,1.0,14.192263064875704,123,117,6,944.7785010335814,876.7507442227129,68.02775681086887,6.210941085334889,14565,27778,310
battery_stress,6,20270916,static_priority,0.03323240043835476,0.030733531585157663,0.18401832908522378,0.006146995942802705,1.0,0.6859212234562576,120,115,5,932.5121266712733,880.4849794137535,52.027147257519935,6.881917049210655,15956,26870,313
battery_stress,6,20270916,myopic_information,0.025698284015676285,0.021136945600384538,0.12859271766119143,0.007979519485981107,1.0,16.648497313577444,118,116,2,941.128567762066,889.0998840066869,52.028683755379916,6.881973703694758,14801,28262,315
battery_stress,6,20270916,resource_aware_myopic,0.01988163006668922,0.016060316479728196,0.12951155380458557,0.012686584723862674,1.0,16.383872504279932,119,115,4,929.9556361265966,885.9277589862061,44.027877140390004,6.604627156540594,14997,27921,314
battery_stress,6,20270916,dynamic_information_utility,0.018775898570210375,0.015102232371358564,0.1294351955572106,0.005812013049836754,1.0,16.405863679523915,119,115,4,932.6997749193121,888.6700674846636,44.02970743464851,6.8819391938040555,15077,27843,314
battery_stress,7,20270917,uniform_random,0.02975296261890509,0.02388768339373703,0.14368288250203232,0.019572747946341566,1.0,12.302529839415294,121,116,5,937.6922064260245,885.6664639923957,52.02574243362875,6.882202662585986,15326,27358,312
battery_stress,7,20270917,static_priority,0.039389690593305375,0.03501978162959543,0.18370830031518676,0.009477714284688684,1.0,0.775209509226927,124,115,9,933.223410992292,889.1971654988529,44.02624549343886,6.604608841161889,15666,26535,309
battery_stress,7,20270917,myopic_information,0.03137453469247296,0.025845745977980505,0.12870768635158022,0.012129616091220125,1.0,16.61538633074547,117,116,1,939.9971419509133,887.9688964517678,52.0282454991454,6.882063829369573,14599,28608,316
battery_stress,7,20270917,resource_aware_myopic,0.027650653654983263,0.022757069695230284,0.13279384858301593,0.02278252691402433,1.0,15.438571608092003,115,107,8,865.5748000286083,821.5468500972003,44.02794993140804,6.604632080556456,13988,29509,318
battery_stress,7,20270917,dynamic_information_utility,0.024072451032960844,0.01921916876812139,0.12926068194614587,0.014283869031009434,1.0,16.456123599510573,121,115,6,933.676350390703,889.6452003150204,44.03115007568232,6.604665142635508,15376,27254,312
battery_stress,8,20270918,uniform_random,0.02795464722097904,0.02445968251866101,0.13807974864220524,0.01429619092847292,1.0,13.91623239104549,122,114,8,922.0047870230861,885.9794914874967,36.02529553558923,6.604605669412724,15430,27058,311
battery_stress,8,20270918,static_priority,0.03868900745079545,0.036710110634381184,0.18426447384449127,0.008982663170640831,1.0,0.6150315327872345,122,114,8,925.2079806865415,873.1800605563517,52.027920130189905,8.10831488515118,14798,27688,311
battery_stress,8,20270918,myopic_information,0.029077947626088566,0.02425170083801985,0.1298412009839953,0.012313102327517674,1.0,16.288934116609934,118,114,4,924.1456930131585,888.1176034413459,36.02808957181286,6.327380168300348,14755,28309,315
battery_stress,8,20270918,resource_aware_myopic,0.024591279485522914,0.02101283270764968,0.12955824014037942,0.008862283767373231,1.0,16.3704268395713,120,115,5,930.0114404537321,885.9830775271511,44.0283629265808,6.881937280057826,15143,27634,313
battery_stress,8,20270918,dynamic_information_utility,0.025624455487294463,0.021107306644719017,0.13076061529789004,0.02505445801442868,1.0,16.02414279420825,117,113,4,918.3905727972564,882.3617150959636,36.02885770129261,6.327626252317952,15252,28008,316
battery_stress,9,20270919,uniform_random,0.02108365672271012,0.01693347682158905,0.14073914588453837,0.006821256446488429,1.0,13.150325985253534,123,116,7,938.5305882768691,878.5036428787819,60.02694539808731,6.210761262786322,14707,27635,310
battery_stress,9,20270919,static_priority,0.028324517924257595,0.024635237828399763,0.18391786183274225,0.005306262704050754,1.0,0.7148557921709461,121,116,5,941.3008976241157,889.2737503665958,52.027147257519935,6.881917049210655,16101,26581,312
battery_stress,9,20270919,myopic_information,0.023123261383689055,0.01890831859420183,0.12928382350999076,0.011725194488021982,1.0,16.449458829123234,118,115,3,932.9221123681899,888.893788611731,44.02832375645919,6.604745915130545,14940,28124,315
battery_stress,9,20270919,resource_aware_myopic,0.018956133780755502,0.014999058460705471,0.1293866119945678,0.01402200615687985,1.0,16.41985574556504,117,115,2,929.5955189639467,885.5674553922292,44.028063571717425,6.604610180060346,14634,28624,316
battery_stress,9,20270919,dynamic_information_utility,0.01623942027109132,0.013400640500912997,0.1307015720624507,0.004448569787430866,1.0,16.041147246014773,119,113,6,917.2739718221585,889.2459899783906,28.02798184376806,6.327364029604441,14944,27974,314
battery_stress,10,20270920,uniform_random,0.024907072822222903,0.02084235544176173,0.14092431822058413,0.00955007763316087,1.0,13.096996352472376,123,116,7,938.6857799974725,886.6580626190531,52.027717378419275,6.882369127806111,15429,26913,310
battery_stress,10,20270920,static_priority,0.03655445317179815,0.03384726589812197,0.18429545095627592,0.00857103941141628,1.0,0.6061101245932494,118,114,4,925.2220963316648,881.1958761610612,44.026220170603516,6.604608841161889,14225,28838,315
battery_stress,10,20270920,myopic_information,0.02942418573458883,0.02515495983989665,0.12876638644301763,0.013095467677463954,1.0,16.598480704411493,118,116,2,941.2672588806728,889.2372791499743,52.02997973069879,6.881999335050477,14800,28263,315
battery_stress,10,20270920,resource_aware_myopic,0.022872006733666895,0.019665033832598156,0.12918986227065177,0.016152570873594334,1.0,16.476519666052862,116,115,1,929.8146520654902,885.7852540897205,44.02939797576957,6.604632600943028,14565,28785,317
battery_stress,10,20270920,dynamic_information_utility,0.024465239331312914,0.02120796986584156,0.1299544664426066,0.009804218857421092,1.0,16.25631366452987,119,114,5,924.2998071025695,888.2715321259673,36.028274976602,6.604854908976584,15706,27267,314
battery_stress,11,20270921,uniform_random,0.02732777431406574,0.023006330697339726,0.14328607007477748,0.009938423972424506,1.0,12.416811818464684,118,115,3,931.2237296443923,887.2005895990455,44.0231400453472,6.604608745859256,14855,28210,315
battery_stress,11,20270921,static_priority,0.03569177756135426,0.033112485113949576,0.18398204436256543,0.007118559273645785,1.0,0.6963712235818649,119,115,4,932.4876672408295,888.4615867390108,44.02608050181897,6.881917049210655,15668,27303,314
battery_stress,11,20270921,myopic_information,0.02644309417331454,0.02212782605317161,0.12865871003867665,0.010830625767448209,1.0,16.629491508861694,118,116,2,941.0195322452875,888.9896883473826,52.02984389790467,6.882009629218109,14798,28264,315
battery_stress,11,20270921,resource_aware_myopic,0.023364587269760366,0.018304215343932912,0.128930288748883,0.014417527404394195,1.0,16.551276840322277,117,116,1,937.2403785123564,885.2110596134423,52.0293188989142,6.881920303577578,14565,28641,316
battery_stress,11,20270921,dynamic_information_utility,0.022560258491322607,0.017320389260577745,0.12937582196703318,0.012110606991418745,1.0,16.422963273495025,124,115,9,932.1004791759556,888.0704184322186,44.030060743737025,6.604612968245836,16457,25845,309
battery_stress,12,20270922,uniform_random,0.02415467162234429,0.019644479146892505,0.13959709522157537,0.01091966987311193,1.0,13.479236576186896,117,113,4,914.165653971693,886.1409718663052,28.024682105387683,7.276393733333333,14855,28354,316
battery_stress,12,20270922,static_priority,0.03159377158453705,0.028154358817609144,0.1842641948671645,0.009644891095355237,1.0,0.6151118782573431,115,106,9,861.1893588056232,817.16343165903,44.025927146593055,6.604608841161889,14224,29272,318
battery_stress,12,20270922,myopic_information,0.021959814765981522,0.01802810024935314,0.12875032173971343,0.0067622338884007725,1.0,16.603107338963106,117,116,1,940.843231426766,888.8135839700028,52.02964745676324,6.882042528075166,14794,28415,316
battery_stress,12,20270922,resource_aware_myopic,0.018574380737003234,0.015036427973459558,0.12969566221152962,0.012885621501874289,1.0,16.330849283080042,119,115,4,929.6986187908155,885.6694926740075,44.029126116808385,6.604638088615098,14997,27921,314
battery_stress,12,20270922,dynamic_information_utility,0.023895273256271676,0.01787682324342801,0.12926594903083208,0.01643752578257039,1.0,16.454606679120946,117,115,2,932.847657817894,880.818566690682,52.02909112721174,6.88223162012404,14794,28415,316
battery_stress,13,20270923,uniform_random,0.023170841052392192,0.018998741690357597,0.14237659102364775,0.021845906703061548,1.0,12.678741785190045,123,114,9,924.2422944874264,888.2149985126075,36.02729597481908,6.3273673408498095,15886,26510,310
battery_stress,13,20270923,static_priority,0.03243621633992797,0.029394563015642264,0.18426868555923456,0.006158802240164253,1.0,0.6138185589411578,119,114,5,925.2157181767827,873.1879528438122,52.027765332970695,8.10831488515118,13934,28982,314
battery_stress,13,20270923,myopic_information,0.025277544628971176,0.021880305825522653,0.1287533092353325,0.019409003041365672,1.0,16.602246940224806,118,116,2,939.9965726929163,887.9672274280124,52.029345264904265,6.88201663487413,14887,28175,315
battery_stress,13,20270923,resource_aware_myopic,0.019487883673105784,0.015833065798077743,0.13055871231543187,0.017163303971342542,1.0,16.0822908531562,118,113,5,913.1243025082769,877.0966736578725,36.02762885040453,6.327305348228888,14095,29021,315
battery_stress,13,20270923,dynamic_information_utility,0.02022006755840982,0.01645502502658181,0.12965186450145183,0.01028155238561586,1.0,16.343463023582455,120,115,5,933.3382294543014,889.3076314443155,44.030598009985376,6.604619935843024,14800,27975,313
battery_stress,14,20270924,uniform_random,0.023430972203216115,0.020723395030971828,0.13827557463512374,0.015837655679535618,1.0,13.859834505084947,123,115,8,932.4118446635518,888.3872714964007,44.02457316715167,6.604641987512766,17483,25094,310
battery_stress,14,20270924,static_priority,0.0335978647889086,0.03096653273862018,0.1842643623239667,0.007655538703094338,1.0,0.6150636506983028,121,115,6,933.2211063507036,881.1939590931837,52.027147257519935,6.881917049210655,14799,27832,312
battery_stress,14,20270924,myopic_information,0.025758045581077,0.021413589592883565,0.12864727660892944,0.011845090288309486,1.0,16.632784336628895,117,116,1,941.0854414321796,889.0571816550114,52.028259777168245,6.882010046529144,14798,28408,316
battery_stress,14,20270924,resource_aware_myopic,0.023507185092994962,0.019862726239005132,0.12884946876941358,0.01294245616310029,1.0,16.574552994409462,117,116,1,940.4811431321575,888.4518454057694,52.02929772638811,6.88194821213233,14630,28576,316
battery_stress,14,20270924,dynamic_information_utility,0.021172546021703046,0.017600524024416007,0.12952752278355004,0.011649132123851056,1.0,16.37927343833817,118,115,3,933.3565879307797,889.327599412968,44.02898851781158,6.604793468203583,14799,28264,315
battery_stress,15,20270925,uniform_random,0.025626126888999047,0.02207553284540926,0.14165770474142414,0.009738577573593928,1.0,12.885781034470456,120,114,6,923.2236447213488,887.1982546518792,36.02539006946953,6.327453658037273,14995,27778,313
battery_stress,15,20270925,static_priority,0.03486927612198778,0.031833980797022814,0.18395524454769557,0.006738463381418476,1.0,0.7040895702643897,120,113,7,916.9728777562972,888.948623767087,28.02425398921028,6.050000000000001,15670,27159,313
battery_stress,15,20270925,myopic_information,0.02814212451209222,0.023588000584758722,0.12864176324007992,0.011341232603879878,1.0,16.63437218685755,117,116,1,941.3168990838243,889.28690217797,52.0299969058542,6.882034365546801,14800,28406,316
battery_stress,15,20270925,resource_aware_myopic,0.02452989644270693,0.02092799142930045,0.1288207571776077,0.011485059326512455,1.0,16.582821932849566,120,116,4,939.4002692758736,887.3704854821516,52.02978379372219,6.88194821213233,15618,27208,313
battery_stress,15,20270925,dynamic_information_utility,0.02253562058729989,0.018826654696538384,0.12871405786496196,0.011082459651763533,1.0,16.613551334891532,121,116,5,942.2367147219769,890.204600752772,52.032113969204616,6.8819469931325985,16263,26421,312
battery_stress,16,20270926,uniform_random,0.02885960841530415,0.023114599672473743,0.13911667572467756,0.02585780499831183,1.0,13.617597391293451,121,116,5,941.452476015239,889.425270377848,52.02720563739081,6.882098865420225,15235,27399,312
battery_stress,16,20270926,static_priority,0.03988165792648556,0.036684174112359046,0.1832215685435563,0.009374001352361593,1.0,0.9153882594564866,122,114,8,924.2201786989656,888.194923022546,36.025255676419526,6.604608841161889,17342,25542,311
battery_stress,16,20270926,myopic_information,0.029365060846808844,0.025125674284047078,0.12872098885337924,0.01477532396409342,1.0,16.611555210227355,116,116,0,941.1388329665242,889.1092451508598,52.02958781566432,6.8821608240452665,14656,28694,317
battery_stress,16,20270926,resource_aware_myopic,0.025247016801465065,0.02050751999572505,0.12945053721599742,0.021748581586244993,1.0,16.401445281793325,117,115,2,929.7450170474177,885.7161294800969,44.02888756732065,6.604627156540594,14565,28641,316
battery_stress,16,20270926,dynamic_information_utility,0.024309229424875112,0.0197106374658322,0.12944925851615352,0.011596424072609055,1.0,16.401813547348365,116,115,1,932.8343136547282,888.804901699339,44.02941195538925,6.604668908517902,14648,28702,317
battery_stress,17,20270927,uniform_random,0.02603352837631936,0.02123309507552115,0.14232224887226216,0.009301319142464012,1.0,12.694392324789101,115,107,8,865.9178816212135,821.8928424822676,44.02503913894587,6.605003528568602,14130,29367,318
battery_stress,17,20270927,static_priority,0.03490502816653009,0.03176167367992075,0.18391802605411156,0.00902778262077935,1.0,0.7148084964165844,121,115,6,932.4847763444167,888.4587748699797,44.02600147443675,6.604608841161889,15959,26726,312
battery_stress,17,20270927,myopic_information,0.026612850608259693,0.021730291875540597,0.12865673950915316,0.024521082804174275,1.0,16.630059021364474,117,116,1,941.800370057253,889.769406919324,52.03096313792887,6.882044466417259,14803,28403,316
battery_stress,17,20270927,resource_aware_myopic,0.025097657313734624,0.020523855793896744,0.1300691180457251,0.042965659632370694,0.9965277777777778,16.22329400283175,118,114,4,922.4389830697429,878.4101303711684,44.0288526985741,6.604610180060346,14133,28930,315
battery_stress,17,20270927,dynamic_information_utility,0.021892861471324444,0.018385631290294073,0.13062811318690265,0.0102547309135011,1.0,16.06230340217261,119,113,6,916.277128179434,880.2470736253978,36.03005455403607,6.327307553285942,14761,28157,314
battery_stress,18,20270928,uniform_random,0.02460158075991845,0.020260025882885557,0.1432232431392141,0.009916418743064318,1.0,12.434905975906938,119,116,3,938.2726794115498,886.2457050827772,52.02697432877253,6.882153353989404,15880,27141,314
battery_stress,18,20270928,static_priority,0.036136931188297354,0.03341904791196379,0.18385255071002504,0.007420597449410004,1.0,0.7336653955135063,120,116,4,941.2231980135537,889.196050756034,52.027147257519935,6.881917049210655,15234,27542,313
battery_stress,18,20270928,myopic_information,0.026993348117360014,0.02285710456350175,0.12921644718191916,0.010036970969627987,1.0,16.468863211607854,116,115,1,933.0740156664704,881.0448206585129,52.02919500795781,6.881998693733469,14654,28696,317
battery_stress,18,20270928,resource_aware_myopic,0.02204939258778967,0.018357830627561873,0.12881770771372342,0.01325930903175242,1.0,16.58370017844823,117,116,1,938.2435784664549,886.2129362271837,52.03064223927092,6.881920303577578,14565,28642,316
battery_stress,18,20270928,dynamic_information_utility,0.02193837840700961,0.017615907027041085,0.12870552633260107,0.0118838917183907,1.0,16.616008416211464,119,116,3,941.8749161809964,889.8436430398494,52.03127314114688,6.881972122759239,14951,27968,314
battery_stress,19,20270929,uniform_random,0.023170788847873998,0.01970321466336654,0.14003930210098728,0.010823263866086655,1.0,13.351880994916264,123,114,9,922.8720793226028,886.8473464527109,36.02473286989178,6.327307553285942,15142,27199,310
battery_stress,19,20270929,static_priority,0.029181402078099865,0.026180500776368718,0.18333507158780826,0.008990598402604565,1.0,0.8826993827119246,120,106,14,858.0995735228198,822.0745255441085,36.025047978711164,6.327304092989666,16623,26663,313
battery_stress,19,20270929,myopic_information,0.02321483695501689,0.0191152502936919,0.12982269855975767,0.009391595732280102,1.0,16.294262814790372,121,114,7,925.4617938930397,889.4344598260371,36.02733406700219,6.327339714288938,16114,26569,312
battery_stress,19,20270929,resource_aware_myopic,0.02042483166187322,0.016050190121509274,0.1304944550260557,0.00936861318747824,1.0,16.100796952496545,123,113,10,913.5342502031142,877.5074301145119,36.02682008860207,6.327305348228888,16770,25806,310
battery_stress,19,20270929,dynamic_information_utility,0.019055763065257077,0.015668492540062723,0.13113976601475427,0.00618476181327621,1.0,15.914947387751345,123,112,11,909.4485292663633,881.4212061563006,28.02732311006264,6.050000000000001,15681,26715,310
battery_stress,20,20270930,uniform_random,0.02324385109775632,0.020200414495920544,0.1427021817024095,0.007794382706196122,1.0,12.584971669706665,119,111,8,898.3337719553866,870.3093385450685,28.024433410317585,6.050000000000001,14496,28478,314
battery_stress,20,20270930,static_priority,0.033639370817384544,0.031083566577179218,0.18436851723725212,0.006240712183966026,1.0,0.5850670356720993,113,105,8,853.2071529050097,825.1827641932102,28.02438871179959,6.050000000000001,13648,30136,320
battery_stress,20,20270930,myopic_information,0.02698276816861971,0.02317808517029378,0.12986215278023858,0.012419258435049811,1.0,16.282899999291864,119,114,5,925.3880091022266,889.3601332381292,36.0278758640977,6.604720681193152,15828,27145,314
battery_stress,20,20270930,resource_aware_myopic,0.01950123321454664,0.016072630922000793,0.12875681735879463,0.01544953033767368,1.0,16.60123660066772,117,116,1,937.5708698816163,885.5408370111686,52.03003287044709,6.881920584247846,14709,28497,316
battery_stress,20,20270930,dynamic_information_utility,0.01953174359425202,0.016271138711095746,0.12935726523048094,0.01633505170402324,1.0,16.428307613622067,120,115,5,933.3737144071264,889.3437376684137,44.02997673871226,6.882129478118955,14944,27831,313
battery_stress,21,20270931,uniform_random,0.017063498750654136,0.014092923620941326,0.1387292070790983,0.003468378375005825,1.0,13.729188361220272,120,114,6,922.2193816282462,886.19556699825,36.023814629995904,6.32741225740811,15405,27421,313
battery_stress,21,20270931,static_priority,0.029022499288292793,0.027555213746960905,0.18340268689677866,0.004843003722866658,1.0,0.8632261737284587,123,113,10,916.4455906815072,888.4208946215982,28.02469605990892,7.276393733333333,16389,26006,310
battery_stress,21,20270931,myopic_information,0.020671328339347227,0.01773198382403622,0.1294178604869897,0.007214647100372134,1.0,16.410856179747544,116,115,1,933.4350512256458,889.406799026952,44.02825219869415,6.604729721241314,14656,28694,317
battery_stress,21,20270931,resource_aware_myopic,0.019107410838479243,0.015131531717450417,0.12942557954432163,0.015485487674993033,1.0,16.40863309123595,120,115,5,929.6496194854699,885.6202730552502,44.029346430219604,6.604632600943028,14852,27923,313
battery_stress,21,20270931,dynamic_information_utility,0.01935469916672209,0.01638793129929679,0.12944325244755603,0.00857862424736351,1.0,16.403543295104445,120,115,5,932.5041874715835,888.4745230859787,44.02966438560473,6.881970662384903,16002,26826,313
battery_stress,22,20270932,uniform_random,0.02308379819337171,0.019361048680132737,0.14040480612522363,0.01652218966298312,1.0,13.24661583593619,126,113,13,914.2106410512944,878.1854360382548,36.025205013039425,6.3274679077363984,17202,24942,307
battery_stress,22,20270932,static_priority,0.03335047943069125,0.030536446818542767,0.1842969462047538,0.006317006209327633,1.0,0.6056794930316188,121,114,7,925.217487208469,889.1922648906105,36.025222317858386,6.327304092989666,15235,27398,312
battery_stress,22,20270932,myopic_information,0.02647820217312267,0.021587708195325635,0.1285577610687199,0.011064105329547273,1.0,16.65856481220925,119,116,3,940.8758566594105,888.8471021158878,52.02875454352288,6.881984702059203,15782,27188,314
battery_stress,22,20270932,resource_aware_myopic,0.020303829657815305,0.016294186829522685,0.12871564871456895,0.009461441514023582,1.0,16.61309317020472,117,116,1,937.9559391403119,885.926211680651,52.02972745966068,6.881913680522214,14709,28497,316
battery_stress,22,20270932,dynamic_information_utility,0.018663095446950682,0.014919543166659796,0.12897293469290974,0.009804291478416447,1.0,16.53899480844257,117,116,1,941.7650607502088,889.7333931917362,52.031667558472336,6.8820063310806106,15824,27434,316
battery_stress,23,20270933,uniform_random,0.024205541688193527,0.019781640948382632,0.1397453294847805,0.007033122434108067,1.0,13.436545108383811,118,114,4,920.7756840353751,884.750181828696,36.02550220667883,6.32731290924465,15013,28104,315
battery_stress,23,20270933,static_priority,0.033881083923182,0.030497904325390804,0.18360950986219068,0.006386722034473449,1.0,0.8036611596897907,121,114,7,925.1729093699687,873.1450128046667,52.027896565301695,8.10831488515118,15208,27575,312
battery_stress,23,20270933,myopic_information,0.02608016373784177,0.02255064718231477,0.1285604939212456,0.025052611610859435,1.0,16.657777750681838,118,116,2,941.2858342720419,889.2566683217069,52.02916595033523,6.882006123995067,14802,28262,315
battery_stress,23,20270933,resource_aware_myopic,0.02179594422377286,0.01744992572804828,0.12971368666914607,0.015207044366482082,1.0,16.325658239286497,117,115,2,928.7912955604852,884.7625882779319,44.02870728255307,6.604627156540594,14634,28624,316
battery_stress,23,20270933,dynamic_information_utility,0.022442221667700428,0.017590591335041927,0.12865959629554763,0.009822962967220582,1.0,16.629236266882856,121,116,5,941.3556864871659,889.3243443294252,52.031342157739914,6.882232885098414,16251,26434,312
storage_stress,0,20280910,uniform_random,0.030578034411296147,0.026513237107051644,0.15617574368361595,0.012822018794402389,1.0,8.704585819119252,81,75,6,933.9004427834429,930.0980365376746,3.802406245768662,11.0,8943,39114,352
storage_stress,0,20280910,static_priority,0.03623844490205526,0.03388831092111719,0.18484649650049434,0.007250967641637197,1.0,0.44740900785834475,77,75,2,934.3091943659413,930.5059365910172,3.8032577749240453,11.0,8944,39648,356
storage_stress,0,20280910,myopic_information,0.029442166920109585,0.02570613793898789,0.14724180781573484,0.012162245785862691,1.0,11.277559349069,80,77,3,958.2119918623207,929.6071579552546,28.60483390706622,12.905037693382402,9229,38973,353
storage_stress,0,20280910,resource_aware_myopic,0.028822542870493864,0.025129921676283137,0.14806896783970966,0.023742970841875773,1.0,11.039337262164256,77,76,1,944.8663788250705,928.6617189906294,16.204659834441173,11.952498038266784,9088,39504,356
storage_stress,0,20280910,dynamic_information_utility,0.024663100593671557,0.020644759985213236,0.1484159175619616,0.007360722615473563,1.0,10.939415742155697,78,75,3,933.7113148047414,905.1069244001992,28.604390404542357,12.905342387480067,8801,39649,355
storage_stress,1,20280911,uniform_random,0.022741068971414043,0.018973520687129108,0.15327717218279638,0.006459283554951606,1.0,9.539374411355288,82,75,7,933.5662379874343,908.7634654814572,24.80277250597711,12.905015960354078,8800,39094,351
storage_stress,1,20280911,static_priority,0.031050627999674514,0.028283856025798786,0.18492278566136816,0.007076848011595331,1.0,0.4254377295266837,80,74,6,921.9078454284094,897.104547708816,24.803297719593353,14.131303803845427,9083,39072,353
storage_stress,1,20280911,myopic_information,0.02498702038413417,0.021321481671321373,0.14774738274156624,0.00988980498301948,1.0,11.131953770429558,77,76,1,945.8130088223414,917.2085688620698,28.604439960271915,12.90504938686898,9088,39504,356
storage_stress,1,20280911,resource_aware_myopic,0.02157529934313672,0.018533771853482886,0.14738337984389493,0.0077451200425124635,1.0,11.236786604958898,78,77,1,958.4463234584541,929.8398753190662,28.60644813938776,12.904938106712477,9085,39362,355
storage_stress,1,20280911,dynamic_information_utility,0.02110498059862763,0.017138789308598093,0.14864530053562153,0.007207779693038812,1.0,10.873353445741637,80,75,5,934.0586190966092,930.2562491879792,3.802369908630226,11.0,8943,39238,353
storage_stress,2,20280912,uniform_random,0.02873964776950858,0.02490677017998894,0.1530967188865506,0.009275151244461403,1.0,9.591344960674066,79,77,2,957.99652405681,929.3921760918962,28.604347964913607,11.678801086104237,9085,39240,354
storage_stress,2,20280912,static_priority,0.0377226389902678,0.03466914076997887,0.18483506424933663,0.0087389374530949,1.0,0.45070149619177086,82,75,7,934.2969636837898,905.690433660649,28.606530023140603,11.678514457760325,8796,39074,351
storage_stress,2,20280912,myopic_information,0.0303874435984781,0.025404104494469604,0.14727614921568818,0.009660153361682076,1.0,11.267669025882435,78,77,1,958.1888396465749,929.5856386147437,28.60320103183101,11.678798641193886,9088,39399,355
storage_stress,2,20280912,resource_aware_myopic,0.02734038372836323,0.023466170656363267,0.14754154556155105,0.013206045959530798,1.0,11.191234878273935,79,77,2,957.8571845549517,929.2506151613253,28.606569393626266,11.404593077282458,9088,39216,354
storage_stress,2,20280912,dynamic_information_utility,0.029188467299779725,0.025330447058391495,0.14794897158670536,0.017809185088226202,1.0,11.07389618302949,79,76,3,946.4390951510431,917.8343636781708,28.604731472872565,12.90517484811563,9088,39237,354
storage_stress,3,20280913,uniform_random,0.03212482463339893,0.02838943769333944,0.15248450885378034,0.018179797314428807,1.0,9.767661450111897,78,76,2,944.4524547133042,928.2486519405785,16.20380277272554,11.952456749578472,9088,39396,355
storage_stress,3,20280913,static_priority,0.039726828667918254,0.037600017202377996,0.18481907242072243,0.008569946014537345,1.0,0.45530714283265855,81,76,5,946.7107370054679,918.1042366065592,28.60650039890842,11.404575281787146,9234,38780,352
storage_stress,3,20280913,myopic_information,0.0298985431232175,0.025542808751223695,0.14722305307513756,0.011024396525501665,1.0,11.28296071436102,80,77,3,958.3929471276618,929.7876324337882,28.605314693873417,11.678655293985402,9092,39112,353
storage_stress,3,20280913,resource_aware_myopic,0.029012060266183436,0.025339024406789246,0.14742796049906748,0.015553777712035116,1.0,11.2239473762692,78,77,1,958.4431678710031,929.8366977096877,28.606470161315315,12.90493880913685,9088,39360,355
storage_stress,3,20280913,dynamic_information_utility,0.027748430621877308,0.024913038025817656,0.14738120609904845,0.022167197890801234,1.0,11.237412643474679,78,77,1,958.8542812638466,930.2490819437735,28.60519932007327,12.905142070483807,9090,39380,355
storage_stress,4,20280914,uniform_random,0.026277896853052814,0.022051966710388796,0.1536530724388946,0.00816451361831183,1.0,9.431115137598997,77,75,2,934.3172460219829,930.5140917785193,3.8031542434634495,12.226393733333333,9089,39505,356
storage_stress,4,20280914,static_priority,0.033160129684349865,0.030195918584353967,0.18481991360783945,0.007341556256218766,1.0,0.4550648809429582,79,77,2,959.1019318596528,930.4954337019207,28.606498157732226,12.904908642943697,9082,39219,354
storage_stress,4,20280914,myopic_information,0.02975007896298813,0.025559860309820406,0.14726779693485217,0.015204029904896745,1.0,11.270074482763205,80,77,3,958.1929521063054,929.5887682547007,28.604183851604724,12.905300372586558,9084,39074,353
storage_stress,4,20280914,resource_aware_myopic,0.024115642404572573,0.02033540481918657,0.1472066349326557,0.01594087534603293,1.0,11.287689139395795,80,77,3,957.8449728296443,929.2384461248092,28.60652670483524,12.904927409233641,9081,39076,353
storage_stress,4,20280914,dynamic_information_utility,0.0246990352525726,0.020375807902841086,0.14774684097783503,0.007132449280954745,1.0,11.13210979838415,78,76,2,945.8032604249224,917.1974527930638,28.605807631858205,11.678661110270646,9088,39380,355
storage_stress,5,20280915,uniform_random,0.02495556341463486,0.020759920030109322,0.15448049739468037,0.01138953096615871,1.0,9.192816750332701,78,77,1,958.5838861895667,929.9806565931245,28.603229596442034,12.905166140673723,9086,39402,355
storage_stress,5,20280915,static_priority,0.0367448135577045,0.03507407848623781,0.18481694232665025,0.007739198977543337,1.0,0.45592060992544703,77,77,0,959.1122245283469,930.5057263706146,28.606498157732226,12.904908642943697,9088,39504,356
storage_stress,5,20280915,myopic_information,0.02850626616846403,0.024113745486188134,0.1473914696908801,0.007763812019398018,1.0,11.234456729027167,79,77,2,957.706443997881,929.1010432906056,28.605400707275265,12.90503469137026,9087,39231,354
storage_stress,5,20280915,resource_aware_myopic,0.024103544845403932,0.020553807811994937,0.14869687851981184,0.008420565017097774,1.0,10.85849898629483,78,75,3,933.0545046570483,929.2525500968892,3.8019545601591993,11.0,8945,39504,355
storage_stress,5,20280915,dynamic_information_utility,0.024224301087460924,0.019638632296330536,0.14750839570708876,0.016520835809151837,1.0,11.200782036359067,77,77,0,958.7319226085746,930.1266065973387,28.605316011236035,12.905061286267037,9088,39524,356
storage_stress,6,20280916,uniform_random,0.029222339403413077,0.025132136767786126,0.15315790272929858,0.015169031510378742,1.0,9.573724013962648,80,77,3,958.6690089903605,930.0636693729273,28.605339617432683,12.905069595591698,9088,39065,353
storage_stress,6,20280916,static_priority,0.04170225589848628,0.039476229236128924,0.18451455878396944,0.010355197395695886,1.0,0.543007070217514,80,75,5,934.0766334820527,917.8717570290843,16.204876452968303,11.952454105510114,9086,39174,353
storage_stress,6,20280916,myopic_information,0.03448852294157573,0.029833530287049437,0.14726853781343294,0.01718085376057809,1.0,11.269861109731952,79,77,2,958.2563412814857,929.65130883735,28.6050324441355,12.905086707761702,9085,39252,354
storage_stress,6,20280916,resource_aware_myopic,0.030503314930734073,0.027194363542521267,0.14820428843189967,0.016799269207407264,1.0,11.000364931613529,79,76,3,945.9811201264947,929.7764013409435,16.204718785551258,11.952465978104286,9088,39252,354
storage_stress,6,20280916,dynamic_information_utility,0.030527953024620687,0.027117384825475554,0.14747164712545238,0.012641210902181994,1.0,11.211365627870347,77,77,0,958.7316220293563,930.1256433055856,28.605978723770647,12.904927674868931,9088,39524,356
storage_stress,7,20280917,uniform_random,0.023427497602468022,0.01874746876897931,0.15373148949256402,0.00906898652194252,1.0,9.408531026142192,77,77,0,957.9313943388137,929.3255214743737,28.605872864439824,12.905008446591989,9088,39534,356
storage_stress,7,20280917,static_priority,0.03359772923027465,0.03118599896118235,0.1848176487682107,0.00624240377380019,1.0,0.4557171547560407,79,77,2,959.1122351036503,930.5057347047418,28.60650039890842,11.404575281787146,9088,39216,354
storage_stress,7,20280917,myopic_information,0.027373986577818366,0.022732995972127717,0.14788131411920263,0.008389513384396394,1.0,11.09338153367027,79,76,3,944.1375353006125,927.9342434170039,16.203291883608628,11.952528701660766,9088,39255,354
storage_stress,7,20280917,resource_aware_myopic,0.023625561976076716,0.019752148238505716,0.14730519148032556,0.015996499280797064,1.0,11.25930485366687,81,77,4,957.8458997630704,929.2393576120735,28.60654215099703,11.678527644656699,9088,38931,352
storage_stress,7,20280917,dynamic_information_utility,0.023561920603749318,0.018971809698682878,0.1478784470017236,0.012484464307301404,1.0,11.094207263504243,77,76,1,946.4505837510169,930.2455834409869,16.205000310029533,11.952456491921339,9088,39523,356
storage_stress,8,20280918,uniform_random,0.024560508936777595,0.020336015179064446,0.1536965764378341,0.008688283832363409,1.0,9.418585985904416,78,75,3,933.5301248458442,929.7273310711826,3.8027937746619465,12.226393733333333,9086,39377,355
storage_stress,8,20280918,static_priority,0.030929304346273518,0.027528713360736232,0.18486490299382205,0.006399409330197213,1.0,0.4421079377799658,79,75,4,934.3082755460439,930.5050271629743,3.80324838306953,11.952454105510114,9090,39214,354
storage_stress,8,20280918,myopic_information,0.024316881956377084,0.02063117210366931,0.14868528537332748,0.010005051763825094,1.0,10.86183781248231,78,75,3,933.2000090369651,929.3971986733695,3.8028103635957784,11.0,8946,39524,355
storage_stress,8,20280918,resource_aware_myopic,0.02054838626155121,0.01652421990345571,0.14731620287302924,0.015148034612240367,1.0,11.256133572568212,79,77,2,957.8500851524858,929.244113491575,28.605971660910733,12.905039205348375,9087,39216,354
storage_stress,8,20280918,dynamic_information_utility,0.023576376828760327,0.01957349306602361,0.14744140591208196,0.01313403671254467,1.0,11.22007509732104,81,77,4,958.8571386639076,930.2517455217378,28.605393142169348,11.67873772359378,9084,38948,352
storage_stress,9,20280919,uniform_random,0.022943808794470152,0.01936800974411041,0.15481002936201638,0.008023814635050178,1.0,9.09791154373993,78,75,3,933.9949699397795,917.7926137941065,16.20235614567313,11.952735455219871,9087,39396,355
storage_stress,9,20280919,static_priority,0.030784656536459724,0.02701677064682423,0.1848260956489844,0.005134180735407859,1.0,0.45328445309320875,80,75,5,934.3023258632622,930.4990774801929,3.80324838306953,11.952454105510114,9082,39075,353
storage_stress,9,20280919,myopic_information,0.026015218147288046,0.021832321233080303,0.148712845275616,0.008869755814653808,1.0,10.853900560623224,78,75,3,932.3965480267824,928.5947300157202,3.8018180110619646,12.226393733333333,9089,39351,355
storage_stress,9,20280919,resource_aware_myopic,0.02204968555153115,0.01813051431245888,0.1473474510033425,0.009873535306617918,1.0,11.24713411103799,78,77,1,957.8486875875082,929.2420926701697,28.60659491733854,12.904908514383687,9087,39364,355
storage_stress,9,20280919,dynamic_information_utility,0.022451324359592476,0.01832462238320813,0.1478200076910338,0.005858098856923158,1.0,11.111037784982898,78,76,2,946.4452323360507,917.8395618603093,28.60567047574143,11.40492036508045,9088,39380,355
storage_stress,10,20280920,uniform_random,0.024707854535366853,0.021357021528771516,0.15327856840597295,0.008295151592182559,1.0,9.538972299080434,82,74,8,920.6193814205733,895.8161177418865,24.80326367868686,14.131310666931412,8942,38959,351
storage_stress,10,20280920,static_priority,0.03327411669354106,0.030484911071181127,0.18474467180357257,0.0066865214706867855,1.0,0.4767345205718189,80,77,3,959.1119519877086,930.5054538299763,28.606498157732226,12.904908642943697,9234,38925,353
storage_stress,10,20280920,myopic_information,0.029125592057186116,0.0244828673156626,0.1480147679207128,0.006725348752469014,1.0,11.054946838835344,78,76,2,945.9158277599616,929.7119058045855,16.20392195537606,11.952526264902517,9090,39383,355
storage_stress,10,20280920,resource_aware_myopic,0.02409550913406756,0.021046550349539575,0.14855559303597324,0.01194572383591048,1.0,10.89918920564034,78,75,3,933.0546800029263,929.2519915264874,3.8026884764390765,12.226393733333333,9088,39359,355
storage_stress,10,20280920,dynamic_information_utility,0.020642388783889288,0.01772820434599616,0.1480711217326973,0.013656223996247583,1.0,11.038716940983814,78,76,2,946.3150831736016,930.1112381862072,16.20384498739419,11.95265906874385,9088,39380,355
storage_stress,11,20280921,uniform_random,0.019784347676315116,0.016366020798901895,0.1526137326297038,0.006606927628278966,1.0,9.730445002645943,79,77,2,957.6454110981923,929.0418027504811,28.603608347711123,11.678849465993647,9088,39217,354
storage_stress,11,20280921,static_priority,0.027898798747106587,0.025639843015024175,0.18471851542242412,0.00469646617631197,1.0,0.48426755834257446,80,77,3,959.1077924362833,930.501294278551,28.606498157732226,12.904908642943697,9086,39074,353
storage_stress,11,20280921,myopic_information,0.02534671812390015,0.021733594837060128,0.14731272536425236,0.025705335129197777,1.0,11.257135095095961,78,77,1,956.7447059004099,928.1405013402189,28.604204560191494,11.678808110882608,9088,39351,355
storage_stress,11,20280921,resource_aware_myopic,0.017570222531568005,0.014294610247799378,0.14720602423955398,0.00833772952081835,1.0,11.287865019009075,80,77,3,958.3801988004088,929.7735417458282,28.60665705458046,11.678514182362767,9090,39073,353
storage_stress,11,20280921,dynamic_information_utility,0.019657860824573454,0.016664831591962692,0.1473406939549612,0.010290617994374335,1.0,11.249080140971824,81,77,4,958.8573342724814,930.2521441162664,28.605190156214626,11.678785608269507,9082,38949,352
storage_stress,12,20280922,uniform_random,0.0263502678178028,0.022704704928787615,0.1544253398616205,0.011531252346554496,1.0,9.208702119853944,83,73,10,909.4478056646941,884.6451854289295,24.802620235764508,15.083889771223038,8658,39104,350
storage_stress,12,20280922,static_priority,0.032281294249596304,0.0305295365802333,0.18484321947258925,0.006192767889019257,1.0,0.4483527918950127,80,75,5,934.2780321313189,905.6715339735867,28.606498157732226,12.904908642943697,8941,39217,353
storage_stress,12,20280922,myopic_information,0.026289336954544665,0.02265091894584221,0.14721810792636092,0.015769558158108998,1.0,11.284384917208689,80,77,3,958.1955063652879,929.5906338856907,28.60487247959714,11.67867230282852,9090,39112,353
storage_stress,12,20280922,resource_aware_myopic,0.020172191738435808,0.01713615989194937,0.14807232006082002,0.01777001552604236,1.0,11.038371822484477,79,75,4,933.3761546745209,904.7696706459379,28.606484028582834,12.904930978889963,8797,39526,354
storage_stress,12,20280922,dynamic_information_utility,0.021924872579634283,0.019116431177399973,0.14865599731942156,0.008611536317441366,1.0,10.870272772007231,78,75,3,933.9119863945548,930.1087603007402,3.803226093814498,12.226393733333333,9088,39378,355
storage_stress,13,20280923,uniform_random,0.023840305020660656,0.020220702047518427,0.15238228240963558,0.008442231600865558,1.0,9.79710266602559,80,77,3,958.7937132818192,930.1895218169925,28.604191464826684,11.678769972730958,9087,39075,353
storage_stress,13,20280923,static_priority,0.03224808804430187,0.029356399016316887,0.18481624838896982,0.005700887452023313,1.0,0.4561204639774133,79,77,2,959.112237819829,930.5057077966883,28.606530023140603,11.678514457760325,9088,39216,354
storage_stress,13,20280923,myopic_information,0.02689571832932961,0.023193762114492263,0.14733146582035483,0.0070581538986984145,1.0,11.251737843738443,80,77,3,957.981059316311,929.3756711183529,28.605388197958174,12.905100983586903,9089,39069,353
storage_stress,13,20280923,resource_aware_myopic,0.02194161434288792,0.018059625651270072,0.1473724297542082,0.011270249615050083,1.0,11.239940230788667,79,77,2,957.8117989431875,929.205298111819,28.6065008313688,12.904942478450298,9090,39216,354
storage_stress,13,20280923,dynamic_information_utility,0.021893541800206626,0.018092928840643285,0.1473507257270001,0.00824263335946143,1.0,11.246190990624605,81,77,4,958.8512761548753,930.2465231673385,28.604752987536894,11.678644369540123,9089,38950,352
storage_stress,14,20280924,uniform_random,0.02550311342736861,0.022008131995311545,0.15473670555510385,0.01353768228114661,1.0,9.119028800130732,78,77,1,958.2186204959519,929.6131823174013,28.60543817855059,12.905068666103636,9087,39367,355
storage_stress,14,20280924,static_priority,0.03303526915685276,0.030896914180741777,0.1848439494156876,0.006656725413202951,1.0,0.4481425682826901,78,77,1,959.1054185653736,930.4989204076413,28.606498157732226,12.904908642943697,9087,39364,355
storage_stress,14,20280924,myopic_information,0.02920657912418972,0.025755483966144573,0.1476863061947643,0.011541569527879072,1.0,11.149543815908519,77,76,1,945.7176526572104,917.1131967891221,28.604455868088372,12.905146792027134,9088,39519,356
storage_stress,14,20280924,resource_aware_myopic,0.02412892169397281,0.020375975528166165,0.14757772040366668,0.011022356781292705,1.0,11.180816523744635,80,77,3,957.8538382330263,929.2474572741825,28.60638095884365,11.678542326455778,9090,39070,353
storage_stress,14,20280924,dynamic_information_utility,0.021888175481989083,0.018380598900670814,0.14784938866052155,0.010774670185629713,1.0,11.102576065770428,80,76,4,946.3110464413694,917.7060459467451,28.60500049462436,11.678849936166621,9088,39092,353
storage_stress,15,20280925,uniform_random,0.025956061432360702,0.022021673903424258,0.1527179350865135,0.007509110515680107,1.0,9.700434695084754,78,77,1,958.4686843062741,929.8628905811786,28.605793725095666,12.905045257100936,9088,39394,355
storage_stress,15,20280925,static_priority,0.035044428420606656,0.03212757326616248,0.1848192191633109,0.007141032469285812,1.0,0.4552648809671782,82,77,5,959.1110548755163,930.5045248523757,28.606530023140603,11.678514457760325,9081,38784,351
storage_stress,15,20280925,myopic_information,0.0306565152856628,0.026184908530404644,0.147362526543058,0.008084577784140725,1.0,11.24279235559992,77,77,0,958.2066856750669,929.6016588756096,28.60502679945746,12.905055411393477,9088,39535,356
storage_stress,15,20280925,resource_aware_myopic,0.025915040028518965,0.02210454978033335,0.14858579298718422,0.011578176405234515,1.0,10.890491619691591,82,75,7,933.0428608449962,908.2397587650959,24.803102079900192,15.083796746808735,8794,39073,351
storage_stress,15,20280925,dynamic_information_utility,0.02835984300296634,0.024318532663667777,0.1507162155245395,0.007467714054686547,1.0,10.276929928933267,79,71,8,884.4536133097171,880.6508181210422,3.802795188674704,12.226393733333333,8796,39529,354
storage_stress,16,20280926,uniform_random,0.0253399426984409,0.02094868053221388,0.1544454207630853,0.014685731904974948,1.0,9.202918820232084,82,77,5,958.1542301539573,929.5496433058233,28.60458684813395,12.904924975152653,9087,38778,351
storage_stress,16,20280926,static_priority,0.033545919082798484,0.030826489519429085,0.18482000647218896,0.006154794354593023,1.0,0.45503813601029325,79,76,3,946.7084806402127,918.1019824824804,28.606498157732226,12.904908642943697,9087,39220,354
storage_stress,16,20280926,myopic_information,0.027102231223569927,0.023513951510982296,0.14716517400887905,0.014046919390303928,1.0,11.299629885443467,78,77,1,957.7080358296452,929.1038391329415,28.604196696703628,12.905066993651939,9088,39375,355
storage_stress,16,20280926,resource_aware_myopic,0.024430881328665863,0.019421742352322094,0.1486308569694075,0.007959487022639935,1.0,10.877513192811268,77,75,2,933.0626622818537,929.2593942174825,3.8032680643714123,11.952479774320606,9088,39503,356
storage_stress,16,20280926,dynamic_information_utility,0.02319677820622942,0.01882341973384931,0.1479824278719385,0.010866064426196441,1.0,11.06426077288235,81,76,5,946.4439821554513,917.8384996080126,28.605482547438775,11.678754604532385,9231,38806,352
storage_stress,17,20280927,uniform_random,0.02826443165058593,0.02428045421598614,0.15175122713073558,0.009358313213651097,1.0,9.978846586348794,80,76,4,946.1909407420552,929.9870224276386,16.203918314416455,11.952454971192338,9087,39139,353
storage_stress,17,20280927,static_priority,0.03745306818536533,0.03482636559843914,0.1846176483109732,0.007768603873019895,1.0,0.5133172864404404,83,77,6,959.1081656202944,930.5016355971535,28.606530023140603,11.678514457760325,9232,38497,350
storage_stress,17,20280927,myopic_information,0.03123177097446731,0.02795760452406988,0.1484884673390865,0.014178147279797307,1.0,10.918521406343718,78,75,3,933.7467397857082,929.944081618103,3.8026581676054896,11.0,8945,39521,355
storage_stress,17,20280927,resource_aware_myopic,0.02543050864196414,0.022276107597007353,0.14858825221227168,0.01320176483728671,1.0,10.889783362866389,80,75,5,933.0436707311385,929.2410012752821,3.8026694558563356,11.0,8939,39223,353
storage_stress,17,20280927,dynamic_information_utility,0.0275921052812787,0.02336349370995184,0.14898859160748043,0.011843345957091427,1.0,10.77448561704627,79,74,5,921.5061551996379,905.3023812362367,16.20377396340123,11.952583941498288,8799,39530,354
storage_stress,18,20280928,uniform_random,0.02755934542426273,0.023544546304887164,0.15243457397046664,0.008892306283218727,1.0,9.782042696506256,78,75,3,933.3482817412936,904.7426391797111,28.60564256158245,12.90508142540998,9086,39354,355
storage_stress,18,20280928,static_priority,0.03800144694635562,0.03588505518884073,0.18463784863740987,0.00886588861355895,1.0,0.5074995924266741,81,75,6,934.3079139692773,930.5046655862078,3.80324838306953,11.952454105510114,9231,38785,352
storage_stress,18,20280928,myopic_information,0.031003741800918364,0.025852633847999462,0.1472744719738958,0.017002913171170697,1.0,11.26815207151864,81,77,4,958.2105284194014,929.6062863369777,28.60424208242404,11.678815501494656,9085,38929,352
storage_stress,18,20280928,resource_aware_myopic,0.024708086788400037,0.020964919885825134,0.14805318746371596,0.008000815161774873,1.0,11.043882010450444,82,76,6,946.489659370621,930.2849165756653,16.204742794955813,11.952495441106512,9083,38846,351
storage_stress,18,20280928,dynamic_information_utility,0.028159133291266313,0.02470037809560602,0.14860635964670477,0.01446013452467224,1.0,10.884568421749663,78,75,3,934.2053924380252,930.4032030842806,3.8021893537444775,12.226393733333333,9089,39461,355
storage_stress,19,20280929,uniform_random,0.02414392611962034,0.019510206883150496,0.15353349885359727,0.007118921902866453,1.0,9.46555233016463,81,76,5,945.0291376952594,928.8255704787368,16.203567216522398,11.952483122637792,9082,38942,352
storage_stress,19,20280929,static_priority,0.029422368686621736,0.025107241328454523,0.18471856066112377,0.007011785134520956,1.0,0.4842545295970758,81,77,4,959.1052990045921,930.4988008468599,28.606498157732226,12.904908642943697,9083,38931,352
storage_stress,19,20280929,myopic_information,0.02641501975467692,0.02224362680649452,0.14718044922717594,0.014634421207763407,1.0,11.295230622573955,77,77,0,958.3182280396946,929.7129489531588,28.605279086535745,12.905132553590482,9088,39548,356
storage_stress,19,20280929,resource_aware_myopic,0.021967615440919214,0.01746274307442619,0.14732060772358363,0.009502215810850598,1.0,11.254864975608548,80,77,3,958.3926586518006,929.7868040983775,28.60585455342327,12.905057781302089,9088,39077,353
storage_stress,19,20280929,dynamic_information_utility,0.019614437018471785,0.01547600272934601,0.14745402236673932,0.010288250781841712,1.0,11.21644155837971,79,77,2,958.8808269033457,930.2760381070937,28.604788796252073,12.90526206657085,9090,39236,354
storage_stress,20,20280930,uniform_random,0.025489356668013222,0.02176824542901412,0.15469568973545308,0.008251369401001914,1.0,9.130841356190164,78,74,4,921.7430378152147,917.9405179000343,3.8025199151806426,12.226393733333333,9087,39366,355
storage_stress,20,20280930,static_priority,0.03495464973427545,0.0333677318692382,0.18471687242855295,0.0074077280777741965,1.0,0.4847407405774621,82,77,5,959.110422390883,930.5039242331507,28.606498157732226,12.904908642943697,9378,38492,351
storage_stress,20,20280930,myopic_information,0.02764339874723501,0.02387534868629959,0.14725485977683006,0.009394158324264148,1.0,11.273800384273576,77,77,0,957.8390492628633,929.2336335681265,28.605415694736685,12.905051159583696,9088,39524,356
storage_stress,20,20280930,resource_aware_myopic,0.024180690563798676,0.02080521529116961,0.148686154461249,0.008105154071276675,1.0,10.861587515160918,77,75,2,933.0538133453844,929.2505934031609,3.803219942223315,12.226393733333333,9233,39359,356
storage_stress,20,20280930,dynamic_information_utility,0.02370216974123443,0.020687780785166525,0.14845007776072855,0.008665548068595152,1.0,10.929577604910818,78,75,3,934.0651044721089,905.4611269901602,28.603977481949034,12.905133213411217,8800,39668,355
storage_stress,21,20280931,uniform_random,0.029353466867984502,0.021704929894662835,0.15399371124670216,0.023833014205037733,0.9965277777777778,9.333011160950413,78,76,2,946.449660994361,930.24536418903,16.204296805330507,11.952564082188095,9088,39373,355
storage_stress,21,20280931,static_priority,0.03347934393964462,0.030884283008219857,0.18481697734418726,0.006462246238090109,1.0,0.45591052487478784,79,76,3,946.7113077461728,930.5064058917668,16.204901854406028,11.952454105510114,9228,39072,354
storage_stress,21,20280931,myopic_information,0.027019054384505945,0.022687990532792707,0.14723192612919014,0.006473730174716221,1.0,11.280405274793873,78,77,1,958.5928153061246,929.9875074119718,28.60530789415281,12.905077165437952,9089,39361,355
storage_stress,21,20280931,resource_aware_myopic,0.019840064738486443,0.01693305863749879,0.14723768312764088,0.005525665161910279,1.0,11.278747259240063,78,77,1,958.4458437288887,929.8398202959662,28.606023432922644,12.905023733015925,9090,39360,355
storage_stress,21,20280931,dynamic_information_utility,0.02310308423235575,0.019877359189171842,0.14790331561271572,0.01217536695640488,1.0,11.08704510353851,82,76,6,946.0670787675944,917.4617891418752,28.60528962571881,11.678595400973967,9228,38741,351
storage_stress,22,20280932,uniform_random,0.027271352780046998,0.02288259942045455,0.1537622208033933,0.011338438264196627,1.0,9.399680408623372,80,77,3,957.2624651372298,928.6574376250361,28.605027512193544,12.905234520540764,9086,39068,353
storage_stress,22,20280932,static_priority,0.03271800115943187,0.02987357197893434,0.18481909671397587,0.006016629718796404,1.0,0.4553001463756683,79,73,6,909.4810928570893,905.6778234589508,3.8032693981383083,12.226393733333333,8943,39360,354
storage_stress,22,20280932,myopic_information,0.02541185474532111,0.021444787867517356,0.14787244650566267,0.008949371497812138,1.0,11.095935406369781,77,76,1,944.0404708259604,927.8370277351985,16.203443090761958,11.952528701660766,9088,39496,356
storage_stress,22,20280932,resource_aware_myopic,0.02325394140742275,0.01960577223480273,0.14740981308544804,0.012826613507495834,1.0,11.2291738313916,80,77,3,957.2592283235188,928.6527787511205,28.606449572398475,11.404653050050415,9088,39072,353
storage_stress,22,20280932,dynamic_information_utility,0.024028056579613537,0.0195580589771049,0.14746268509099084,0.011520990410506245,1.0,11.213946693795275,78,77,1,958.4433778095217,929.838374868689,28.60500294083263,12.90512011667207,9088,39363,355
storage_stress,23,20280933,uniform_random,0.02784937632489268,0.023516699358176827,0.15469178229590394,0.009879014262324811,1.0,9.131966698780312,79,77,2,957.7990432767701,929.1939820624848,28.605061214285165,12.905061631334641,9090,39209,354
storage_stress,23,20280933,static_priority,0.03459527881478038,0.03183010078847754,0.18471409338762604,0.010267864828883413,1.0,0.4855411043644148,83,77,6,959.1035309943678,930.4970009712271,28.606530023140603,11.678514457760325,9236,38494,350
storage_stress,23,20280933,myopic_information,0.02803186865505814,0.024827436927260044,0.14736256896319713,0.0076455525048702965,1.0,11.242780138599855,77,77,0,958.3709017582069,929.7663486990646,28.604553059142106,12.905132415332607,9088,39545,356
storage_stress,23,20280933,resource_aware_myopic,0.023947610421658848,0.019768904788431525,0.14742201890738996,0.016871972924250814,1.0,11.225658554672322,80,77,3,957.8460637414175,929.2395465795914,28.606517161826478,12.904924190898218,9082,39075,353
storage_stress,23,20280933,dynamic_information_utility,0.02604426062812877,0.022041061937603322,0.14817520670469908,0.008815106619558866,1.0,11.008740469047297,77,76,1,946.4611418789463,930.2562254790851,16.20491639986098,11.952473409294031,9088,39524,356
cloud_stress,0,20290910,uniform_random,0.02321578555413715,0.018201289523438132,0.1334004579234874,0.011053464863495531,1.0,15.263868118036209,153,137,16,1108.6808899205307,1016.6512723053245,92.02961761520572,14.941092759832337,6923,31195,280
cloud_stress,0,20290910,static_priority,0.0352824939188445,0.032444488464809774,0.1839229630149719,0.007405509738651024,1.0,0.7133866516888012,149,138,11,1117.366258580203,1077.334022384906,40.03223619529748,11.952454105510114,7211,31433,284
cloud_stress,0,20290910,myopic_information,0.027153540420399892,0.021965851312440006,0.11406284516604427,0.012935272234829485,1.0,20.833100592179786,151,145,6,1172.9987368351613,1132.9649277618541,40.03380907330752,11.95254330411076,7210,31144,282
cloud_stress,0,20290910,resource_aware_myopic,0.020575514513535325,0.016023971753729153,0.11451912139904276,0.007429368146960659,1.0,20.70169303707622,147,145,2,1171.195155052098,1131.162449418107,40.032705633991625,11.952457266302522,7210,31672,286
cloud_stress,0,20290910,dynamic_information_utility,0.01847969502087054,0.014407483931646654,0.11433227596729553,0.007518915172421921,1.0,20.755504521419418,154,146,8,1180.260697490139,1132.221157105776,48.03954038436268,11.678517694344357,7788,30084,279
cloud_stress,1,20290911,uniform_random,0.02729272251125476,0.02284855253403112,0.13669501515504368,0.014660721019414617,1.0,14.315035635347993,148,138,10,1115.5761645913215,1075.5464994751537,40.02966511616765,11.952468033386697,7213,31524,285
cloud_stress,1,20290911,static_priority,0.03655090263240919,0.03272511545058441,0.18395115027684053,0.007781548872333128,1.0,0.7052687202706389,150,136,14,1100.572296538047,1068.5404480659995,32.03184847204763,11.0,7066,31435,283
cloud_stress,1,20290911,myopic_information,0.027851487930799883,0.022895787811832657,0.11434921049728554,0.015492240179035685,1.0,20.750627376782294,148,145,3,1172.9241763635791,1132.8893125787854,40.03486378479398,11.952456547170769,7353,31384,285
cloud_stress,1,20290911,resource_aware_myopic,0.023121719236632515,0.01890658111802211,0.11457866890938122,0.011765312506145343,1.0,20.68454335409874,150,145,5,1170.3512837636063,1130.3194365644172,40.03184719918971,11.952457266302522,7211,31236,283
cloud_stress,1,20290911,dynamic_information_utility,0.021200200591475305,0.016994500718732944,0.11555185045417321,0.01384626506906314,1.0,20.40426706919865,151,144,7,1164.746557619832,1132.7113962899373,32.03516132989536,11.0,7500,30804,282
cloud_stress,2,20290912,uniform_random,0.02187392205283931,0.01777741175416902,0.13727828162134145,0.013371455252332094,1.0,14.147054893054259,154,136,18,1098.4578167624584,1006.4256203892088,92.03219637324996,13.440634359813279,6926,31051,279
cloud_stress,2,20290912,static_priority,0.03440868282205751,0.0323292298878852,0.18433889506488293,0.008708539836569405,1.0,0.5935982213144241,153,135,18,1093.2778288924017,1009.2472875276559,84.03054136474616,12.487715469340774,7065,30948,280
cloud_stress,2,20290912,myopic_information,0.023790955387801002,0.020676302066616706,0.11411306961645679,0.010593272430525281,1.0,20.818635950460976,149,145,4,1172.8484928394769,1132.8168086844555,40.031684155021466,11.952482310441255,7498,31093,284
cloud_stress,2,20290912,resource_aware_myopic,0.01971429689079246,0.016535476133539232,0.11557383592451226,0.00833737827003424,1.0,20.397935253741004,147,143,4,1152.9278522433451,1120.895748584615,32.03210365873028,12.226393733333333,7356,31524,286
cloud_stress,2,20290912,dynamic_information_utility,0.020592714708262322,0.01645595058822363,0.11447711512900163,0.010453543900908312,1.0,20.713790842848073,152,145,7,1172.2191550305813,1124.1803490906905,48.03880593989061,11.678723490867624,7355,30804,281
cloud_stress,3,20290913,uniform_random,0.027314792563951203,0.02267048559545682,0.132413497475008,0.011348707484323765,1.0,15.548112727198264,149,137,12,1106.4342781091796,1014.405244750734,92.02903335844525,13.714621142291957,6778,31812,284
cloud_stress,3,20290913,static_priority,0.03670179167246764,0.03309710396798381,0.18395604527362563,0.007799027566065004,1.0,0.7038589611965287,153,138,15,1117.3714883080067,1077.3391627278957,40.032325580111454,11.952454105510114,7208,30857,280
cloud_stress,3,20290913,myopic_information,0.026067246410569563,0.021177403353898543,0.11518247099980433,0.013775624750114639,1.0,20.510648352056883,147,143,4,1155.4008906010677,1123.3691638285138,32.03172677255384,12.226393733333333,7212,31668,286
cloud_stress,3,20290913,resource_aware_myopic,0.02196415683262607,0.017186846703457062,0.1153520708248914,0.010751623817930149,1.0,20.461803602431797,150,144,6,1164.1254361131353,1132.0924998264918,32.03293628664363,12.226393733333333,7212,31236,283
cloud_stress,3,20290913,dynamic_information_utility,0.02119543258237588,0.016863046460780705,0.11808899972641962,0.009523040502849368,1.0,19.673568078791703,149,137,12,1108.2193386372849,1016.1835271448275,92.03581149245764,14.392937542804761,6633,31961,284
cloud_stress,4,20290914,uniform_random,0.029254738889325695,0.02491386225213614,0.13492440543509476,0.019422792261081054,1.0,14.824971234693285,154,144,10,1161.1313731640814,1069.1009556048316,92.03041755924932,14.392985213274287,7070,30803,279
cloud_stress,4,20290914,static_priority,0.03323126207225509,0.029620312890789074,0.18361241324092153,0.006095953263968285,1.0,0.8028249866153069,160,136,24,1100.906463236055,1016.8752897122712,84.03117352378399,11.53523500091952,7213,29900,273
cloud_stress,4,20290914,myopic_information,0.02627225355593499,0.021931642141338428,0.11463736872211897,0.019538751393995316,1.0,20.667637808030268,147,144,3,1164.6341485137546,1132.6004771006847,32.03367141307008,11.0,7066,31816,286
cloud_stress,4,20290914,resource_aware_myopic,0.022707552637157315,0.01948896803807905,0.1148602176390058,0.009964024259412292,1.0,20.60345731996685,151,145,6,1168.374787068168,1136.3428290132954,32.03195805487249,12.226393733333333,7210,31287,282
cloud_stress,4,20290914,dynamic_information_utility,0.021165471083188014,0.01697996099707761,0.1146516630094449,0.028823443278601275,0.9965277777777778,20.663521053280412,149,146,3,1181.7855505342238,1133.7463759118918,48.03917462233213,11.678521525957947,7212,31380,284
cloud_stress,5,20290915,uniform_random,0.02424526494910554,0.01962832811791857,0.1293432836051669,0.007694915260775029,1.0,16.432334321712506,152,143,9,1156.5819450061947,1124.549887175901,32.03205783029344,11.95253075302426,7355,30907,281
cloud_stress,5,20290915,static_priority,0.0367360430390417,0.03422222422293913,0.18361581021818646,0.007496340195503739,1.0,0.80184665716301,149,138,11,1117.3199099114472,1077.2873313137886,40.03257859765859,11.952454105510114,7064,31630,284
cloud_stress,5,20290915,myopic_information,0.02473703675315096,0.020553120181653832,0.11400608597724579,0.015801782042242245,1.0,20.849447238553747,146,145,1,1173.4449574143287,1133.4130622320654,40.03189518226278,11.952456547170769,7353,31672,287
cloud_stress,5,20290915,resource_aware_myopic,0.022851489314454465,0.018096546547216468,0.11519608232026855,0.012881240411992682,1.0,20.506728291763192,153,144,9,1161.1316277403594,1129.0996857461678,32.0319419941917,11.0,7355,30661,280
cloud_stress,5,20290915,dynamic_information_utility,0.02047700963779956,0.015602881874345245,0.11580793334138868,0.03146105414262892,0.9965277777777778,20.330515197680594,148,144,4,1165.6018749567165,1125.5653701012588,40.03650485545836,11.95258320281998,7211,31524,285
cloud_stress,6,20290916,uniform_random,0.0245818216409688,0.019061445478417146,0.1339201176034249,0.02245446020681577,1.0,15.1142061302142,144,137,7,1107.6711905607729,1075.6427802668832,32.02841029388942,12.226393733333333,6924,32389,289
cloud_stress,6,20290916,static_priority,0.031529878331819326,0.028576964494160504,0.18447291467015248,0.005563587193335561,1.0,0.5550005749968042,141,131,10,1061.285839913379,1021.2532190294212,40.03262088395825,11.952454105510114,6490,33256,292
cloud_stress,6,20290916,myopic_information,0.024260982234784664,0.020785720936880255,0.11483898292915168,0.01598923608335188,1.0,20.609572916404844,149,144,5,1165.352811551624,1133.3170616891266,32.03574986249802,12.226393733333333,7497,31095,284
cloud_stress,6,20290916,resource_aware_myopic,0.01752324923963459,0.014379241585778114,0.11831737771790325,0.007497178367817157,1.0,19.60779521724441,149,137,12,1107.931042035443,1075.8977553924688,32.03328664297457,11.6785184432957,7065,31528,284
cloud_stress,6,20290916,dynamic_information_utility,0.0187123396004194,0.01511996124510235,0.11435698674551557,0.022546164984893573,1.0,20.748387817292056,156,146,10,1181.2831283543226,1133.2448426338428,48.038285720479564,11.678515647259047,7498,30186,277
cloud_stress,7,20290917,uniform_random,0.02176385160618785,0.018226415165851467,0.1352212958864105,0.008526095578823473,1.0,14.739466784714347,150,137,13,1106.944255410861,1014.9162427403974,92.02801267046377,14.393572269660158,6924,31629,283
cloud_stress,7,20290917,static_priority,0.030052391376432442,0.02633050577696076,0.18395380386496749,0.00562425138238249,1.0,0.7045044868900782,159,144,15,1164.9323222204678,1072.9004523197837,92.03186990068451,13.714127484811153,7210,30094,274
cloud_stress,7,20290917,myopic_information,0.02248137048079896,0.019142022959424645,0.1142566224129789,0.023216383328810392,1.0,20.77729274506261,147,145,2,1172.1676558652525,1124.133525732057,48.03413013319467,11.678536315502054,7209,31724,286
cloud_stress,7,20290917,resource_aware_myopic,0.021718955039345643,0.018238448445234152,0.1154129349932427,0.01075736062180143,1.0,20.444274721946634,148,144,4,1162.251353756135,1130.2186300618714,32.032723694263765,12.226393733333333,7210,31528,285
cloud_stress,7,20290917,dynamic_information_utility,0.016998136944822835,0.013861128123685307,0.11501043015281882,0.011274558351117233,1.0,20.560196115988713,148,144,4,1165.3223232251746,1133.286230120897,32.03609310427737,12.226393733333333,7210,31524,285
cloud_stress,8,20290918,uniform_random,0.026806487295528703,0.021566396308162684,0.13505983630978888,0.015426927305832209,1.0,14.785967142781379,150,137,13,1107.0536887460669,1015.0229339558033,92.03075479026403,14.940661390720612,6924,31627,283
cloud_stress,8,20290918,static_priority,0.038655128650397275,0.0365541954656389,0.18443076652279317,0.014296283318688109,1.0,0.5671392414362861,151,145,6,1173.3249525772048,1125.2914362696938,48.03351630751128,11.678514457760325,7498,30806,282
cloud_stress,8,20290918,myopic_information,0.02707234834742781,0.02277111641345068,0.11421758144986861,0.01495550891909673,1.0,20.78853654243836,150,145,5,1172.9296695748044,1132.896908111892,40.0327614629128,11.952456749578472,7642,30804,283
cloud_stress,8,20290918,resource_aware_myopic,0.022432198587067267,0.018542103400257207,0.11590805040944271,0.010965195539961135,1.0,20.301681482081023,152,143,9,1153.9553570752887,1121.9226761553703,32.03268091991805,11.0,7213,30948,281
cloud_stress,8,20290918,dynamic_information_utility,0.020402658648853385,0.01671303241609926,0.11969058078647403,0.011075350058631805,1.0,19.21231273349603,148,137,11,1110.1139165729246,1078.0770495809898,32.03686699193494,11.0,6925,31864,285
cloud_stress,9,20290919,uniform_random,0.027835490143102205,0.022825691743257215,0.1338005343556397,0.008979630342539279,1.0,15.14864610557635,144,129,15,1043.4234486206826,1011.3914489405014,32.03199968018119,11.0,6488,32928,289
cloud_stress,9,20290919,static_priority,0.04057007742244188,0.03809263168429425,0.18384560266489114,0.009006884574668365,1.0,0.7356664325120654,146,129,17,1044.3643966545799,1012.3329846184138,32.03141203616639,12.226393733333333,6924,32204,287
cloud_stress,9,20290919,myopic_information,0.02894254918522654,0.024692718929480068,0.11411299030987637,0.019744928987463835,1.0,20.818658790756142,149,145,4,1172.9817828826606,1132.9470557872287,40.034727095432,11.95245634272872,7355,31236,284
cloud_stress,9,20290919,resource_aware_myopic,0.02145222024622807,0.018169738119974705,0.11485422854688254,0.009323269261679031,1.0,20.605182178498357,150,144,6,1163.5064530178158,1131.4745453163764,32.03190770143942,11.0,7211,31236,283
cloud_stress,9,20290919,dynamic_information_utility,0.02467888858198579,0.020862801716551187,0.12235754599624377,0.013183841620083764,1.0,18.44422675308235,144,129,15,1045.6529816177735,1005.6162360660032,40.03674555177041,11.952456491921339,6488,32875,289
cloud_stress,10,20290920,uniform_random,0.025820632612836618,0.021450117304714786,0.13113371180776387,0.010069611632712687,1.0,15.916690999364578,153,136,17,1096.4428258216901,1004.412121648673,92.03070417301713,12.21413901945275,7070,31001,280
cloud_stress,10,20290920,static_priority,0.04060598656871985,0.03890036535052183,0.18405610068690373,0.012635969043689447,1.0,0.6750430021724383,151,137,14,1108.3897167818573,1068.3574489713712,40.032267810486665,11.952454105510114,6923,31586,282
cloud_stress,10,20290920,myopic_information,0.026154762872055728,0.022381468971643233,0.11357431532949055,0.013728369218530203,1.0,20.97379718510726,150,146,4,1180.4998940332982,1132.4659269614508,48.03396707184745,11.678574663274738,7500,30948,283
cloud_stress,10,20290920,resource_aware_myopic,0.023437544737940255,0.020166378905306055,0.11531438643790964,0.015197398214356376,1.0,20.47265670588255,152,144,8,1162.2402748839409,1130.2076839482875,32.03259093565376,12.226393733333333,7500,30713,281
cloud_stress,10,20290920,dynamic_information_utility,0.021999402453343614,0.018962027828809503,0.11880015106486314,0.011971507797418823,1.0,19.46875649331996,148,136,12,1102.2585775665054,1070.2216125602174,32.03696500628776,11.0,6923,31815,285
cloud_stress,11,20290921,uniform_random,0.027048501599935066,0.021044729302981166,0.1330534171016378,0.02730649573218626,0.9965277777777778,15.363815874728884,156,140,16,1131.2349372534886,1063.2079733542923,68.0269638991965,11.261726680076439,7356,30332,277
cloud_stress,11,20290921,static_priority,0.04111791250311927,0.039242058453978955,0.18440825456270404,0.009267001954350781,1.0,0.5736226859419548,149,137,12,1109.3104713329856,1017.2788304188252,92.03164091416092,14.666628690837948,6923,31668,284
cloud_stress,11,20290921,myopic_information,0.028093628707328823,0.024451174781642118,0.11346261422722072,0.019331441703466942,1.0,21.005967102560973,149,146,3,1180.9858542456836,1132.9517215687133,48.03413267697036,11.67861682721827,7354,31238,284
cloud_stress,11,20290921,resource_aware_myopic,0.02866529206337103,0.02027865041862945,0.12117281635453511,0.03469813922592943,0.9965277777777778,18.785428889894444,140,131,9,1057.711285875816,1017.677495755184,40.03379012063223,11.952457266302522,6776,33111,293
cloud_stress,11,20290921,dynamic_information_utility,0.020612911293938965,0.01710879771593569,0.11868878415868751,0.011812976976165835,1.0,19.500830162298538,146,137,9,1109.664575866262,1069.6273403997932,40.03723546646933,11.952486363465932,7211,31813,287
cloud_stress,12,20290922,uniform_random,0.027477358684757206,0.021973078110616155,0.13066754605769237,0.012385831254571789,1.0,16.050946735385164,154,145,9,1171.9430458792222,1131.9093449355205,40.03370094370126,11.952478671923407,7357,30620,279
cloud_stress,12,20290922,static_priority,0.03815128972663666,0.03466797014352282,0.18409479414347346,0.007885482317711197,1.0,0.6638992866803543,149,137,12,1109.122927470089,1077.091176729517,32.031750740572846,11.0,6924,31771,284
cloud_stress,12,20290922,myopic_information,0.027021728156663167,0.022680542076064753,0.11374028751120743,0.014275885919053873,1.0,20.92599719677279,148,146,2,1179.9438726603842,1131.9103488204537,48.03352383993066,11.67860566871917,7210,31526,285
cloud_stress,12,20290922,resource_aware_myopic,0.023141568005538963,0.018369772393820635,0.11889689457210288,0.01688971040422109,1.0,19.440894363234914,147,137,10,1105.7518961826604,1013.7173799536456,92.03451622901498,14.666518018017397,6924,31957,286
cloud_stress,12,20290922,dynamic_information_utility,0.022642964876162245,0.018797918007602044,0.11377364148433461,0.012990441021096363,1.0,20.916391252512163,150,146,4,1182.1762368641148,1134.1365609955812,48.03967586853371,11.678541429573029,7499,30948,283
cloud_stress,13,20290923,uniform_random,0.024917639123164866,0.019962549875318505,0.13046023294332032,0.013555481718451888,1.0,16.110652912324323,154,144,10,1162.939449440241,1070.9066539502671,92.03279548997448,14.393152352787347,7211,30660,279
cloud_stress,13,20290923,static_priority,0.03713659238768977,0.033901526700631894,0.18430495734077898,0.01159956401024365,1.0,0.6033722858563726,148,133,15,1077.2784816305516,1017.2509535884158,60.02752804213557,12.357033632910877,6921,31817,285
cloud_stress,13,20290923,myopic_information,0.02795544308972592,0.023236782444302988,0.11402553716454013,0.016573951935007228,1.0,20.84384529661298,150,145,5,1172.391549946518,1132.3604752589017,40.03107468761635,11.952463779253057,7357,31144,283
cloud_stress,13,20290923,resource_aware_myopic,0.023184126895837515,0.018491455114270368,0.11525003188710979,0.023432775584731714,1.0,20.491190816512916,152,144,8,1163.1469911805143,1071.1150492992765,92.03194188123783,13.166430699509107,7212,30949,281
cloud_stress,13,20290923,dynamic_information_utility,0.01980864557372062,0.016280409071879515,0.11450440609331733,0.014791180204268194,1.0,20.705931045125137,151,145,6,1173.644244456105,1133.606787850952,40.03745660515362,11.952484055927275,7499,30805,282
cloud_stress,14,20290924,uniform_random,0.02219612840082925,0.01804613576437329,0.13039120096257928,0.01105769120107696,1.0,16.130534122777746,152,137,15,1107.8606422507141,1075.8297738384576,32.03086841225614,12.226393733333333,7355,30857,281
cloud_stress,14,20290924,static_priority,0.03446415314349535,0.032059934851278483,0.18363886775348803,0.011071494528962729,1.0,0.7952060869961626,160,144,16,1165.9476781406213,1073.915707551281,92.03197058934087,12.487715469340774,7064,30094,273
cloud_stress,14,20290924,myopic_information,0.023589487893923556,0.020565747070391837,0.11478922635355428,0.012190720779332883,1.0,20.623902810176908,152,144,8,1163.9583586723802,1131.925715645617,32.0326430267631,12.226393733333333,7355,30857,281
cloud_stress,14,20290924,resource_aware_myopic,0.020739412095755534,0.017800855548729642,0.1196545649145692,0.013007399158438843,1.0,19.222685304604603,152,136,16,1098.415051651328,1014.383475182312,84.03157646901622,11.535405220300046,6922,31237,281
cloud_stress,14,20290924,dynamic_information_utility,0.01941603694853359,0.016088207190894727,0.11864361157461564,0.010167739126037904,1.0,19.513839866511237,144,138,6,1118.3032789786582,1078.26462383138,40.03865514727852,11.952476513581662,7212,32153,289
cloud_stress,15,20290925,uniform_random,0.022753520430545106,0.018302807848869278,0.1380066660578128,0.008463134589864413,1.0,13.937280175350505,143,130,13,1050.8691077878702,1018.8372916249766,32.031816162893676,11.0,6491,33020,290
cloud_stress,15,20290925,static_priority,0.03473224380010869,0.03236863698908689,0.18453558890332747,0.006750718864174371,1.0,0.5369503958424049,143,129,14,1045.2703635481917,961.2392333491256,84.03113019906645,11.665961948598273,6200,33256,290
cloud_stress,15,20290925,myopic_information,0.0258070379320596,0.021186113065670018,0.11333231626986456,0.028090019684539527,0.9965277777777778,21.04349291427954,150,146,4,1179.062043009366,1131.0282313495852,48.033811659780945,11.67867971024788,7356,31144,283
cloud_stress,15,20290925,resource_aware_myopic,0.02061712727581301,0.01709237334413131,0.11496417182921988,0.013564283600079163,1.0,20.57351851318521,154,145,9,1170.851888799804,1130.819086046079,40.03280275372505,11.952457266302522,7643,30228,279
cloud_stress,15,20290925,dynamic_information_utility,0.017795721276005882,0.014146231723066612,0.11592585882163554,0.01043910763421202,1.0,20.296552659369496,151,144,7,1165.6850433837299,1133.6486739596514,32.03636942407822,12.226393733333333,7500,30856,282
cloud_stress,16,20290926,uniform_random,0.02734894512642175,0.022527540236351926,0.13267392712733495,0.024537473139536116,1.0,15.47310898732811,155,146,9,1179.3774378341222,1131.3450114921668,48.032426341955826,11.678643630861815,7788,29938,278
cloud_stress,16,20290926,static_priority,0.036252481551282315,0.03300032154515013,0.18443102255820767,0.008538735389069668,1.0,0.5670655032369034,150,137,13,1109.3102051910084,1017.2788428142295,92.03136237677927,14.940542909967057,6923,31526,283
cloud_stress,16,20290926,myopic_information,0.029263598640813175,0.025252397583181745,0.11451342664230167,0.015194096475467517,1.0,20.703333127017647,146,144,2,1163.946449846906,1131.9142418454512,32.032208001455004,11.0,7065,31960,287
cloud_stress,16,20290926,resource_aware_myopic,0.023164286619751753,0.0188883261269992,0.11399585592987406,0.020363931076641396,1.0,20.852393492196807,153,146,7,1177.9261383724418,1129.8926698733067,48.03346849913528,11.678520908824513,7356,30661,280
cloud_stress,16,20290926,dynamic_information_utility,0.020276626688368292,0.016847762829627348,0.11551547652219647,0.009607608406098981,1.0,20.414742761607943,151,144,7,1166.6603675495483,1134.6240738682359,32.0362936813122,11.0,7209,31198,282
cloud_stress,17,20290927,uniform_random,0.023933387800607542,0.019472361651515013,0.13717022015577918,0.008482849476758576,1.0,14.178176595136176,148,136,12,1099.1719492883933,1007.1413476148211,92.03060167357182,14.941116309282819,6923,31812,285
cloud_stress,17,20290927,static_priority,0.0379972043940345,0.035497250520255624,0.18450334955272701,0.007830893867042514,1.0,0.5462353288153347,149,136,13,1101.3069451375095,1009.2755567881479,92.03138834936223,13.714127484811153,6783,31811,284
cloud_stress,17,20290927,myopic_information,0.026506532526177594,0.021529786724011526,0.11825760586061523,0.009164707826026462,1.0,19.625009512143354,144,137,7,1107.650196946738,1075.6172447495169,32.032952197221974,12.226393733333333,6922,32389,289
cloud_stress,17,20290927,resource_aware_myopic,0.019077066710749935,0.014594524771185079,0.1150532806337211,0.009025623692441285,1.0,20.547855177488852,149,144,5,1162.873877725343,1122.8400222814391,40.03385544390399,11.952457266302522,7357,31236,284
cloud_stress,17,20290927,dynamic_information_utility,0.019075227469610528,0.014631840449984954,0.11848138342938043,0.011945646558008378,1.0,19.56056157233898,147,137,10,1109.6014705183359,1017.5650496071452,92.03642091119079,14.666693657464295,6777,32104,286
cloud_stress,18,20290928,uniform_random,0.02435963966897179,0.020277350772038065,0.13019429234123928,0.014498423328218376,1.0,16.187243805723654,155,145,10,1168.8965066827861,1128.864544019577,40.03196266320926,11.952586021719181,7788,29993,278
cloud_stress,18,20290928,static_priority,0.03399487596937517,0.030914393261139452,0.184294116140345,0.006260054410813993,1.0,0.6064945515813538,149,133,16,1077.2832581835407,1017.2548673417468,60.02839084179399,12.357033632910877,6778,31816,284
cloud_stress,18,20290928,myopic_information,0.02181944293852793,0.017988064888341093,0.11408176857670299,0.011091141707227328,1.0,20.827650649910073,149,145,4,1172.5469103950238,1132.5117034923217,40.03520690270212,11.952464264008247,7354,31240,284
cloud_stress,18,20290928,resource_aware_myopic,0.018914557446402025,0.015563070699728818,0.11401708735952365,0.010186667795867271,1.0,20.84627884045772,147,146,1,1179.3116608285645,1131.2776187102818,48.03404211828267,11.678520908824513,7210,31672,286
cloud_stress,18,20290928,dynamic_information_utility,0.019824695721488123,0.015278624465301803,0.11705787647191615,0.021346513638630955,1.0,19.970531576088696,149,139,10,1123.9984996919077,1075.9585600860685,48.0399396058388,11.678619914708314,7212,31381,284
cloud_stress,19,20290929,uniform_random,0.02289953020067147,0.019489420197177827,0.13329992070222496,0.009392196128912154,1.0,15.292822837759797,152,144,8,1162.0939601969008,1070.0671348273922,92.02682536950886,13.16707024212232,6924,31388,281
cloud_stress,19,20290929,static_priority,0.033793240507011824,0.03144650716061555,0.18427338793584008,0.006672263599767238,1.0,0.6124642744787661,146,137,9,1109.2854745091176,1017.2542978340273,92.03117667509039,13.714127484811153,6633,32391,287
cloud_stress,19,20290929,myopic_information,0.024660996560173665,0.020483904132521248,0.11421663741425715,0.009821541204356752,1.0,20.788808424694476,148,145,3,1172.7598485817034,1132.7272165602722,40.032632021431866,11.952495299346658,7209,31580,285
cloud_stress,19,20290929,resource_aware_myopic,0.01934812532118839,0.015065460601340619,0.11888551492671143,0.013700066870709755,1.0,19.444171701107653,149,137,12,1106.3541218833793,1074.3204532192851,32.03366866409468,11.0,6924,31668,284
cloud_stress,19,20290929,dynamic_information_utility,0.02060373198384998,0.01688376428395215,0.11581492561114039,0.011830262660204717,1.0,20.328501423992098,148,143,5,1157.2369215563735,1125.2015624025444,32.035359153829134,12.226393733333333,7356,31380,285
cloud_stress,20,20290930,uniform_random,0.024100319545302708,0.019190936915531476,0.134989530512119,0.011624729787286289,1.0,14.806215212510299,147,130,17,1051.130836631035,959.1026447640264,92.0281918670083,13.7147095119234,6780,32153,286
cloud_stress,20,20290930,static_priority,0.03163449305905957,0.02681332295292848,0.18405732791994536,0.005522210972748099,1.0,0.6746895590564465,150,137,13,1109.5250454618506,1017.494031169759,92.0310142920919,14.940542909967057,7212,31289,283
cloud_stress,20,20290930,myopic_information,0.02348495461422543,0.018977418466171497,0.11340206743811862,0.016200019369019644,1.0,21.02340457782237,150,146,4,1181.3263360933547,1133.290851514621,48.03548457873437,11.678564462993487,7498,30951,283
cloud_stress,20,20290930,resource_aware_myopic,0.024750237467063303,0.020139620393906845,0.11646559219976504,0.01627330567557968,1.0,20.141109446468203,157,142,15,1147.1922571494588,1071.1610873178488,76.03116983161038,12.213693702939542,7499,29942,276
cloud_stress,20,20290930,dynamic_information_utility,0.018404936486673497,0.015045538980846242,0.11893794485906112,0.008231101258499858,1.0,19.429071880590943,144,137,7,1108.9499864596453,1076.911415113827,32.03857134581811,12.226393733333333,7208,32104,289
cloud_stress,21,20290931,uniform_random,0.025829167114752048,0.020064830321298015,0.13335686813984549,0.021176728716943722,1.0,15.276421975725068,153,144,9,1163.1711079190552,1071.1402197141435,92.03088820491178,12.214279465049913,7070,30948,280
cloud_stress,21,20290931,static_priority,0.036131957656116966,0.03285252349902866,0.1839867773667566,0.008123345396588337,1.0,0.6950081183748167,150,137,13,1108.5056592917658,1016.4744681007166,92.03119119104927,12.487715469340774,6922,31579,283
cloud_stress,21,20290931,myopic_information,0.02817288086708559,0.02400889262097725,0.11453650940384177,0.018425562973589188,1.0,20.696685291694106,149,144,5,1164.0474918412015,1124.0159563367338,40.03153550446747,11.952463779253057,7210,31432,284
cloud_stress,21,20290931,resource_aware_myopic,0.02308008580344048,0.01875894651399144,0.11394766807475198,0.012518515592017797,1.0,20.86627159447195,150,147,3,1184.3106009033988,1136.276302452825,48.03429845057385,11.678622188426354,7354,31288,283
cloud_stress,21,20290931,dynamic_information_utility,0.02356583143348738,0.016713444700247205,0.11446323079522654,0.025129491800987572,1.0,20.717789530975285,152,145,7,1172.9949222259233,1124.9569495088804,48.03797271704306,11.67859258599926,7643,30568,281
cloud_stress,22,20290932,uniform_random,0.02379970861182604,0.021021401859679805,0.1391173298673235,0.010721389310917416,1.0,13.617408998211426,148,130,18,1050.6922391710748,958.6622081441529,92.03003102692182,14.940804149721918,6633,32254,285
cloud_stress,22,20290932,static_priority,0.034577869033858184,0.03164459538875052,0.1841498953293452,0.010084475992001494,1.0,0.6480301451492912,148,130,18,1053.4833952386352,961.4520825330364,92.03131270559895,12.487715469340774,6780,32007,285
cloud_stress,22,20290932,myopic_information,0.0235466102050127,0.019351127967859805,0.11417434582282565,0.012206570779177986,1.0,20.80098840302674,148,145,3,1170.8052286118607,1130.7716843355624,40.03354427629889,11.952459731831336,7353,31436,285
cloud_stress,22,20290932,resource_aware_myopic,0.023415307149645005,0.01890866453345081,0.11711700168648807,0.018880412344120728,1.0,19.953503514291967,152,141,11,1138.9774900711584,1070.948170178831,68.0293198923269,12.08310153091972,7067,31092,281
cloud_stress,22,20290932,dynamic_information_utility,0.020112049683854195,0.016416220290417942,0.11966125035987564,0.010640089833297112,1.0,19.220759896356356,144,136,8,1101.6981259982397,1069.6626427680217,32.035483230218446,11.952456491921339,6924,32441,289
cloud_stress,23,20290933,uniform_random,0.02650011417509454,0.022548523077714412,0.13722690774307822,0.011539360680256894,1.0,14.161850569994057,145,130,15,1051.5936943311867,1019.5632281085402,32.03046622264607,12.226393733333333,6776,32390,288
cloud_stress,23,20290933,static_priority,0.03864875976263073,0.03513738713370713,0.18392534031363011,0.008270207945619197,1.0,0.7127019896752406,152,137,15,1108.5348935823472,1076.5037881995781,32.03110538276931,11.0,7067,31143,281
cloud_stress,23,20290933,myopic_information,0.027781967091790802,0.02346225551194156,0.11468109178059022,0.014731596177484287,1.0,20.655045567190545,150,144,6,1164.1322536947546,1132.0995969243836,32.03265677037088,11.0,7212,31288,283
cloud_stress,23,20290933,resource_aware_myopic,0.026103532449078422,0.021304814631977913,0.11859246618184723,0.01853608698726099,1.0,19.52856973962854,148,138,10,1113.7165729780822,1073.683210501053,40.03336247702944,11.952457266302522,7069,31670,285
cloud_stress,23,20290933,dynamic_information_utility,0.023557657674772945,0.019408442627700036,0.11559859672993168,0.01478207299363063,1.0,20.390804141780208,150,144,6,1165.4289824541825,1133.393196951938,32.03578550224435,12.226393733333333,7501,30948,283
